Ictype,SAMPLE_1,SAMPLE_2,SAMPLE_3
Banana,"147","182","135"
Banana,"60","105","60"
Banana,"43","77","35"
Banana,"141","170","122"
Banana,"43","81","30"
Banana,"137","161","118"
Banana,"135","157","127"
Banana,"141","175","120"
Banana,"85","113","84"
Banana,"93","116","79"
Banana,"176","200","159"
Banana,"164","187","152"
Banana,"137","164","125"
Banana,"120","148","103"
Banana,"77","107","67"
Banana,"51","73","41"
Banana,"134","166","120"
Banana,"92","132","69"
Banana,"91","130","76"
Banana,"145","183","131"
Banana,"150","185","140"
Banana,"65","105","74"
Banana,"124","151","104"
Banana,"6","37","14"
Banana,"116","153","113"
Banana,"88","128","87"
Banana,"86","115","67"
Banana,"96","123","75"
Banana,"138","168","127"
Banana,"125","155","114"
Banana,"59","95","62"
Banana,"45","81","48"
Banana,"105","147","103"
Banana,"149","202","143"
Banana,"71","109","58"
Banana,"137","185","125"
Banana,"120","157","109"
Banana,"84","118","77"
Banana,"30","63","27"
Banana,"136","173","130"
Banana,"59","71","44"
Banana,"96","111","78"
Banana,"109","135","101"
Banana,"151","180","145"
Banana,"80","100","72"
Banana,"69","86","61"
Banana,"87","117","76"
Banana,"37","52","24"
Banana,"192","221","186"
Banana,"56","89","65"
Banana,"133","161","136"
Banana,"51","87","45"
Banana,"173","196","161"
Banana,"105","137","107"
Banana,"124","154","119"
Banana,"143","169","137"
Banana,"145","174","141"
Banana,"115","157","113"
Banana,"71","97","67"
Banana,"115","154","120"
Banana,"107","133","99"
Banana,"110","138","113"
Banana,"134","182","127"
Banana,"123","155","111"
Banana,"132","170","118"
Banana,"97","133","96"
Banana,"38","86","42"
Banana,"136","171","126"
Banana,"155","155","127"
Banana,"33","72","36"
Banana,"105","136","95"
Banana,"133","160","123"
Banana,"144","172","115"
Banana,"88","118","87"
Banana,"46","83","41"
Banana,"192","233","166"
Banana,"137","178","131"
Banana,"119","144","105"
Banana,"153","173","133"
Banana,"160","181","144"
Banana,"94","106","79"
Banana,"136","158","126"
Banana,"108","142","111"
Banana,"142","163","139"
Banana,"13","42","13"
Banana,"25","39","17"
Banana,"57","89","40"
Banana,"22","50","25"
Banana,"129","141","114"
Banana,"83","112","83"
Banana,"100","128","99"
Banana,"99","124","88"
Banana,"163","183","153"
Banana,"82","102","74"
Banana,"48","60","35"
Banana,"190","208","179"
Banana,"90","105","69"
Banana,"65","75","41"
Banana,"21","42","18"
Banana,"76","96","77"
Banana,"74","104","71"
Banana,"146","174","129"
Banana,"163","188","150"
Banana,"87","106","84"
Banana,"75","101","69"
Banana,"55","66","43"
Banana,"50","84","61"
Banana,"103","129","97"
Banana,"36","68","40"
Banana,"140","157","136"
Banana,"80","111","73"
Banana,"49","79","39"
Banana,"191","214","177"
Banana,"134","167","117"
Banana,"130","156","114"
Banana,"69","106","48"
Banana,"50","70","38"
Banana,"145","191","111"
Banana,"137","139","100"
Banana,"101","112","89"
Banana,"74","98","69"
Banana,"150","165","130"
Banana,"51","90","52"
Banana,"141","178","138"
Banana,"94","120","90"
Banana,"63","97","66"
Banana,"116","149","115"
Banana,"113","134","97"
Banana,"77","106","77"
Banana,"91","113","93"
Banana,"130","151","125"
Banana,"59","87","62"
Banana,"123","156","124"
Banana,"49","73","44"
Banana,"41","73","29"
Banana,"154","197","137"
Banana,"96","131","86"
Banana,"99","139","98"
Banana,"154","189","144"
Banana,"16","35","11"
Banana,"129","159","118"
Banana,"79","116","58"
Banana,"134","188","124"
Banana,"122","160","109"
Banana,"163","172","125"
Banana,"72","102","71"
Banana,"98","136","90"
Banana,"99","128","103"
Banana,"93","123","67"
Banana,"116","152","102"
Banana,"145","178","129"
Banana,"107","146","95"
Banana,"81","129","65"
Banana,"180","212","160"
Banana,"125","158","109"
Banana,"147","175","120"
Banana,"53","97","29"
Banana,"79","108","59"
Banana,"78","114","63"
Banana,"165","201","161"
Banana,"84","126","74"
Banana,"59","91","47"
Banana,"59","104","66"
Banana,"66","96","61"
Banana,"94","131","75"
Banana,"41","64","37"
Banana,"86","132","67"
Banana,"141","183","131"
Banana,"18","47","12"
Banana,"53","82","49"
Banana,"95","142","88"
Banana,"116","155","101"
Banana,"70","112","57"
Banana,"225","224","191"
Banana,"171","192","157"
Banana,"31","66","21"
Banana,"236","251","218"
Banana,"120","128","84"
Banana,"75","90","64"
Banana,"144","173","124"
Banana,"193","215","174"
Banana,"107","129","97"
Banana,"135","170","125"
Banana,"110","136","106"
Banana,"193","217","184"
Banana,"69","105","68"
Banana,"93","115","83"
Banana,"45","75","42"
Banana,"157","188","147"
Banana,"42","73","35"
Banana,"111","132","95"
Banana,"130","154","113"
Banana,"91","124","88"
Banana,"131","163","119"
Banana,"132","167","134"
Banana,"145","182","142"
Banana,"18","42","13"
Banana,"102","129","90"
Banana,"120","144","111"
Banana,"131","145","117"
Banana,"101","128","88"
Banana,"128","162","120"
Banana,"161","192","151"
Banana,"143","182","128"
Banana,"79","115","72"
Banana,"52","79","42"
Banana,"91","116","78"
Banana,"119","156","100"
Banana,"87","125","74"
Banana,"117","147","112"
Banana,"97","126","93"
Banana,"116","158","103"
Banana,"132","180","100"
Banana,"89","120","82"
Banana,"70","110","69"
Banana,"108","153","107"
Banana,"92","126","87"
Banana,"129","169","126"
Banana,"26","64","34"
Banana,"53","94","57"
Banana,"74","106","76"
Banana,"75","120","84"
Banana,"124","165","130"
Banana,"55","93","61"
Banana,"108","128","110"
Banana,"149","172","134"
Banana,"129","156","119"
Banana,"170","167","129"
Banana,"129","183","119"
Banana,"66","97","74"
Banana,"51","98","61"
Banana,"124","168","134"
Banana,"58","102","83"
Banana,"119","155","113"
Banana,"169","196","156"
Banana,"140","169","136"
Banana,"116","147","107"
Banana,"142","164","113"
Banana,"148","179","139"
Banana,"84","113","80"
Banana,"129","167","119"
Banana,"163","218","130"
Banana,"154","192","140"
Banana,"133","176","118"
Banana,"117","146","98"
Banana,"140","178","127"
Banana,"206","250","196"
Banana,"63","102","41"
Banana,"149","192","132"
Banana,"78","121","73"
Banana,"134","170","117"
Banana,"110","159","99"
Banana,"104","164","108"
Banana,"157","212","140"
Banana,"128","169","134"
Banana,"54","91","51"
Banana,"14","53","17"
Banana,"126","153","113"
Banana,"79","111","62"
Banana,"110","149","113"
Banana,"196","231","196"
Banana,"203","240","194"
Banana,"110","161","116"
Banana,"121","161","128"
Banana,"88","132","100"
Banana,"57","86","61"
Banana,"103","141","95"
Banana,"147","177","144"
Banana,"174","192","163"
Banana,"161","202","137"
Banana,"212","239","189"
Banana,"123","165","112"
Banana,"6","36","5"
Banana,"92","127","90"
Banana,"54","94","61"
Banana,"144","183","126"
Banana,"155","157","127"
Banana,"115","162","107"
Banana,"61","94","58"
Banana,"61","93","63"
Banana,"98","137","86"
Banana,"84","131","76"
Banana,"115","154","100"
Banana,"31","64","28"
Banana,"133","163","128"
Banana,"82","110","83"
Banana,"126","165","114"
Banana,"119","153","111"
Banana,"100","139","85"
Banana,"156","193","153"
Banana,"156","196","152"
Banana,"123","166","116"
Banana,"111","149","95"
Banana,"91","124","74"
Banana,"99","137","89"
Banana,"77","111","69"
Banana,"124","143","106"
Banana,"108","137","112"
Banana,"109","153","115"
Banana,"79","108","79"
Banana,"31","63","33"
Banana,"165","192","144"
Banana,"61","96","61"
Banana,"152","195","145"
Banana,"36","72","35"
Banana,"81","135","69"
Banana,"187","220","168"
Banana,"151","196","156"
Banana,"104","156","103"
Banana,"133","179","134"
Banana,"124","172","128"
Banana,"34","78","40"
Banana,"47","76","47"
Banana,"100","137","91"
Banana,"174","214","173"
Banana,"86","128","76"
Banana,"132","175","115"
Banana,"130","169","112"
Banana,"116","158","103"
Banana,"84","113","62"
Banana,"139","173","118"
Banana,"18","50","4"
Banana,"154","176","135"
Banana,"122","160","109"
Banana,"87","128","81"
Banana,"116","160","124"
Banana,"121","160","126"
Banana,"119","158","124"
Banana,"153","198","155"
Banana,"94","148","107"
Banana,"41","88","51"
Banana,"105","150","114"
Banana,"95","135","104"
Banana,"132","173","134"
Banana,"165","203","157"
Banana,"146","196","154"
Banana,"94","135","100"
Banana,"164","201","159"
Banana,"152","184","140"
Banana,"84","113","84"
Banana,"211","243","197"
Banana,"133","159","125"
Banana,"83","116","84"
Banana,"50","84","57"
Banana,"144","188","135"
Banana,"124","160","127"
Banana,"179","215","178"
Banana,"90","124","93"
Banana,"63","98","69"
Banana,"136","179","145"
Banana,"72","119","82"
Banana,"167","210","178"
Banana,"102","140","110"
Banana,"54","93","55"
Banana,"28","69","34"
Banana,"124","165","118"
Banana,"80","115","80"
Banana,"62","100","54"
Banana,"125","175","107"
Banana,"66","96","61"
Banana,"122","158","115"
Banana,"96","141","95"
Banana,"130","166","124"
Banana,"68","116","59"
Banana,"62","96","65"
Banana,"87","130","82"
Banana,"146","176","141"
Banana,"95","125","84"
Banana,"159","197","149"
Banana,"105","136","92"
Banana,"53","84","44"
Banana,"156","189","140"
Banana,"77","112","67"
Banana,"175","205","167"
Banana,"113","125","82"
Banana,"70","102","50"
Banana,"96","127","83"
Banana,"79","110","70"
Banana,"108","132","103"
Banana,"124","156","112"
Banana,"101","135","96"
Banana,"39","58","36"
Banana,"157","188","144"
Banana,"85","124","90"
Banana,"87","118","78"
Banana,"93","129","92"
Banana,"82","108","78"
Banana,"95","125","92"
Banana,"78","103","67"
Banana,"85","115","84"
Banana,"157","190","154"
Banana,"104","150","101"
Banana,"136","175","141"
Banana,"152","188","148"
Banana,"109","144","107"
Banana,"54","82","55"
Banana,"104","131","109"
Banana,"73","108","75"
Banana,"105","138","106"
Banana,"42","75","52"
Banana,"122","154","128"
Banana,"102","135","99"
Banana,"60","92","62"
Banana,"74","107","75"
Banana,"63","103","60"
Banana,"8","30","10"
Banana,"91","139","95"
Banana,"86","121","94"
Banana,"102","141","105"
Banana,"114","150","107"
Banana,"57","85","64"
Banana,"102","131","100"
Banana,"58","93","60"
Banana,"136","172","137"
Banana,"143","177","148"
Banana,"108","142","113"
Banana,"87","127","96"
Banana,"135","177","132"
Banana,"88","118","87"
Banana,"49","87","55"
Banana,"66","99","63"
Banana,"40","71","49"
Banana,"143","178","131"
Banana,"29","52","39"
Banana,"57","86","57"
Banana,"99","129","98"
Banana,"122","160","112"
Banana,"27","55","30"
Banana,"109","148","112"
Banana,"100","140","97"
Banana,"129","162","128"
Banana,"70","110","79"
Banana,"117","164","109"
Banana,"104","140","103"
Banana,"131","169","137"
Banana,"187","221","182"
Banana,"115","139","108"
Banana,"74","107","84"
Banana,"99","124","85"
Banana,"55","80","52"
Banana,"52","88","53"
Banana,"90","126","83"
Banana,"102","126","93"
Banana,"115","137","107"
Banana,"134","168","137"
Banana,"146","177","137"
Banana,"144","168","139"
Banana,"132","166","125"
Banana,"80","105","81"
Banana,"96","137","98"
Banana,"86","140","84"
Banana,"39","73","44"
Banana,"79","137","53"
Banana,"75","92","69"
Banana,"120","174","112"
Banana,"69","96","56"
Banana,"116","158","113"
Banana,"86","118","88"
Banana,"108","150","105"
Banana,"5","46","11"
Banana,"42","81","45"
Banana,"139","175","138"
Banana,"89","126","84"
Banana,"70","104","73"
Banana,"152","188","146"
Banana,"7","43","1"
Banana,"81","120","95"
Banana,"88","130","77"
Banana,"58","101","69"
Banana,"97","142","104"
Banana,"171","207","164"
Banana,"89","121","93"
Banana,"91","148","90"
Banana,"79","111","85"
Banana,"114","162","116"
Banana,"64","96","66"
Banana,"64","99","66"
Banana,"193","216","189"
Banana,"99","124","78"
Banana,"59","103","65"
Banana,"110","149","113"
Banana,"63","97","58"
Banana,"51","98","44"
Banana,"84","120","80"
Banana,"97","132","97"
Banana,"159","196","150"
Banana,"116","150","119"
Banana,"22","53","13"
Banana,"125","172","121"
Banana,"116","146","106"
Banana,"68","94","60"
Banana,"84","112","83"
Banana,"89","122","88"
Banana,"77","106","71"
Banana,"45","79","50"
Banana,"140","189","127"
Banana,"138","172","130"
Banana,"48","84","44"
Banana,"123","168","122"
Banana,"116","158","106"
Banana,"92","129","87"
Banana,"65","103","57"
Banana,"100","144","91"
Banana,"201","229","184"
Banana,"106","142","102"
Banana,"24","46","26"
Banana,"82","116","89"
Banana,"107","138","94"
Banana,"167","204","156"
Banana,"99","129","94"
Banana,"54","89","56"
Banana,"153","187","145"
Banana,"108","150","108"
Banana,"99","130","89"
Banana,"164","197","165"
Banana,"130","169","115"
Banana,"157","197","140"
Banana,"103","138","101"
Banana,"142","201","140"
Banana,"126","173","116"
Banana,"138","177","141"
Banana,"103","164","104"
Banana,"172","205","173"
Banana,"70","114","84"
Banana,"105","139","100"
Banana,"60","96","63"
Banana,"131","164","130"
Banana,"49","77","34"
Banana,"67","89","61"
Banana,"48","82","43"
Banana,"134","158","115"
Banana,"121","169","123"
Banana,"106","127","89"
Banana,"155","174","122"
Banana,"173","207","165"
Banana,"33","62","27"
Banana,"111","134","97"
Banana,"57","101","48"
Banana,"80","101","75"
Banana,"99","125","81"
Banana,"112","135","100"
Banana,"129","151","121"
Banana,"162","193","155"
Banana,"136","173","131"
Banana,"110","152","110"
Banana,"106","141","104"
Banana,"104","133","100"
Banana,"68","89","52"
Banana,"94","118","87"
Banana,"180","231","166"
Banana,"151","200","138"
Banana,"83","129","83"
Banana,"97","147","92"
Banana,"128","157","124"
Banana,"105","125","95"
Banana,"97","123","89"
Banana,"116","146","105"
Banana,"130","166","133"
Banana,"136","193","117"
Banana,"69","124","62"
Banana,"114","146","100"
Banana,"73","119","70"
Banana,"61","102","53"
Banana,"26","66","22"
Banana,"113","161","106"
Banana,"123","160","117"
Banana,"105","154","104"
Banana,"127","192","108"
Banana,"42","75","52"
Banana,"40","79","43"
Banana,"70","112","70"
Banana,"89","129","85"
Banana,"139","178","127"
Banana,"66","105","67"
Banana,"86","125","91"
Banana,"107","146","110"
Banana,"48","86","58"
Banana,"180","227","173"
Banana,"49","86","46"
Banana,"77","121","67"
Banana,"70","115","75"
Banana,"154","200","151"
Banana,"98","135","89"
Banana,"30","72","28"
Banana,"62","102","69"
Banana,"161","208","151"
Banana,"73","109","72"
Banana,"119","159","118"
Banana,"39","73","44"
Banana,"68","104","67"
Banana,"134","176","131"
Banana,"72","113","74"
Banana,"96","131","100"
Banana,"104","142","94"
Banana,"73","118","72"
Banana,"103","142","108"
Banana,"66","105","71"
Banana,"29","75","32"
Banana,"41","76","39"
Banana,"120","158","112"
Banana,"123","156","124"
Banana,"75","119","79"
Banana,"62","98","65"
Banana,"89","121","91"
Banana,"129","154","126"
Banana,"82","114","84"
Banana,"79","112","78"
Banana,"120","157","114"
Banana,"103","142","106"
Banana,"123","164","115"
Banana,"142","173","135"
Banana,"110","142","112"
Banana,"35","66","44"
Banana,"50","85","48"
Banana,"72","104","76"
Banana,"43","67","46"
Banana,"88","125","85"
Banana,"49","78","49"
Banana,"67","102","69"
Banana,"118","145","106"
Banana,"80","105","77"
Banana,"101","135","94"
Banana,"129","163","132"
Banana,"117","140","113"
Banana,"128","164","124"
Banana,"102","136","97"
Banana,"90","120","87"
Banana,"22","56","25"
Banana,"64","89","65"
Banana,"82","117","80"
Banana,"82","111","82"
Banana,"124","163","125"
Banana,"126","162","129"
Banana,"73","112","74"
Banana,"104","139","104"
Banana,"81","117","80"
Banana,"27","56","25"
Banana,"66","100","71"
Banana,"12","45","22"
Banana,"74","107","83"
Banana,"84","113","88"
Banana,"88","113","87"
Banana,"63","95","67"
Banana,"111","143","113"
Banana,"66","101","70"
Banana,"87","119","89"
Banana,"95","127","99"
Banana,"128","161","127"
Banana,"122","154","126"
Banana,"40","73","52"
Banana,"97","126","97"
Banana,"17","46","19"
Banana,"68","102","71"
Banana,"56","91","60"
Banana,"18","52","23"
Banana,"139","175","140"
Banana,"134","170","133"
Banana,"64","98","77"
Banana,"81","114","78"
Banana,"23","57","26"
Banana,"63","104","69"
Banana,"40","72","46"
Banana,"78","113","86"
Banana,"52","86","59"
Banana,"92","128","95"
Banana,"65","99","72"
Banana,"146","187","148"
Banana,"67","97","64"
Banana,"61","97","64"
Banana,"68","102","75"
Banana,"61","96","65"
Banana,"52","90","60"
Banana,"52","91","68"
Banana,"52","85","64"
Banana,"39","72","54"
Banana,"44","79","52"
Banana,"80","113","79"
Banana,"152","169","130"
Banana,"55","84","55"
Banana,"138","182","114"
Banana,"100","135","100"
Banana,"62","84","65"
Banana,"67","89","70"
Banana,"138","140","122"
Banana,"138","178","137"
Banana,"42","70","51"
Banana,"58","91","70"
Banana,"176","212","175"
Banana,"25","52","36"
Banana,"75","122","65"
Banana,"61","106","68"
Banana,"88","145","87"
Banana,"56","111","62"
Banana,"123","171","125"
Banana,"63","119","67"
Banana,"153","206","155"
Banana,"132","181","145"
Banana,"122","181","122"
Banana,"144","190","155"
Banana,"17","66","16"
Banana,"69","116","67"
Banana,"101","135","108"
Banana,"185","220","185"
Banana,"104","133","106"
Banana,"11","29","10"
Banana,"87","124","102"
Banana,"101","124","99"
Banana,"26","59","25"
Banana,"27","60","42"
Banana,"81","120","94"
Banana,"43","74","64"
Banana,"163","197","158"
Banana,"37","75","45"
Banana,"56","89","66"
Banana,"141","197","145"
Banana,"97","143","97"
Banana,"41","79","33"
Banana,"79","89","73"
Banana,"72","117","77"
Banana,"152","183","139"
Banana,"121","158","100"
Banana,"98","141","93"
Banana,"116","162","117"
Banana,"58","80","61"
Banana,"152","177","138"
Banana,"64","109","71"
Banana,"68","104","62"
Banana,"100","146","100"
Banana,"50","88","42"
Banana,"145","181","146"
Banana,"106","144","112"
Banana,"41","80","55"
Banana,"155","198","140"
Banana,"67","111","45"
Banana,"192","220","177"
Banana,"120","166","115"
Banana,"84","121","78"
Banana,"163","207","151"
Banana,"56","98","71"
Banana,"151","197","146"
Banana,"162","210","148"
Banana,"141","188","139"
Banana,"152","175","140"
Banana,"158","206","152"
Banana,"40","91","46"
Banana,"155","196","147"
Banana,"131","168","125"
Banana,"113","119","89"
Banana,"76","120","64"
Banana,"80","117","69"
Banana,"107","144","98"
Banana,"133","178","132"
Banana,"116","168","117"
Banana,"163","204","167"
Banana,"45","90","54"
Banana,"87","133","98"
Banana,"111","150","114"
Banana,"98","150","103"
Banana,"104","150","105"
Banana,"120","160","127"
Banana,"101","157","126"
Banana,"121","164","116"
Banana,"142","184","140"
Banana,"89","133","97"
Banana,"43","87","51"
Banana,"72","126","85"
Banana,"143","178","131"
Banana,"147","197","141"
Banana,"104","136","108"
Banana,"65","102","80"
Banana,"85","109","78"
Banana,"183","218","183"
Banana,"189","227","176"
Banana,"135","181","132"
Banana,"39","72","40"
Banana,"93","131","99"
Banana,"70","99","70"
Banana,"150","190","149"
Banana,"184","231","177"
Banana,"103","132","105"
Banana,"113","148","113"
Banana,"57","89","61"
Banana,"135","168","134"
Banana,"121","146","120"
Banana,"44","64","46"
Banana,"123","157","118"
Banana,"45","70","44"
Banana,"44","78","57"
Banana,"85","124","73"
Banana,"82","136","80"
Banana,"124","162","116"
Banana,"91","127","92"
Banana,"71","122","74"
Banana,"67","105","73"
Banana,"92","124","94"
Banana,"37","71","44"
Banana,"39","72","38"
Banana,"73","108","79"
Banana,"115","154","120"
Banana,"23","63","30"
Banana,"114","148","117"
Banana,"95","132","89"
Banana,"142","179","131"
Banana,"104","143","109"
Banana,"58","96","68"
Banana,"82","120","88"
Banana,"65","109","71"
Banana,"115","163","117"
Banana,"62","100","72"
Banana,"50","93","61"
Banana,"60","102","81"
Banana,"114","158","120"
Banana,"102","145","111"
Banana,"180","220","177"
Banana,"164","210","177"
Banana,"125","175","133"
Banana,"61","96","69"
Banana,"61","102","67"
Banana,"146","185","149"
Banana,"105","152","111"
Banana,"126","172","123"
Banana,"88","129","90"
Banana,"162","215","162"
Banana,"59","102","75"
Banana,"157","203","160"
Banana,"75","119","85"
Banana,"96","146","110"
Banana,"47","93","62"
Banana,"26","66","35"
Banana,"95","155","101"
Banana,"130","178","131"
Banana,"110","151","114"
Banana,"70","109","71"
Banana,"43","77","54"
Banana,"144","203","130"
Banana,"20","61","24"
Banana,"83","119","86"
Banana,"75","117","75"
Banana,"108","159","114"
Banana,"59","106","65"
Banana,"109","157","111"
Banana,"61","97","62"
Banana,"110","153","103"
Banana,"40","77","55"
Banana,"91","137","86"
Banana,"126","180","118"
Banana,"82","127","89"
Banana,"167","207","164"
Banana,"96","120","89"
Banana,"129","162","130"
Banana,"79","125","79"
Banana,"96","119","84"
Banana,"56","115","57"
Banana,"27","56","29"
Banana,"114","153","115"
Banana,"144","192","128"
Banana,"126","179","105"
Banana,"47","84","42"
Banana,"25","84","34"
Banana,"45","94","58"
Banana,"95","148","92"
Banana,"38","67","40"
Banana,"141","194","141"
Banana,"117","153","116"
Banana,"74","108","79"
Banana,"85","130","69"
Banana,"21","38","25"
Banana,"66","98","72"
Banana,"56","87","64"
Banana,"119","163","123"
Banana,"117","154","111"
Banana,"97","133","100"
Banana,"87","130","98"
Banana,"54","99","59"
Banana,"56","100","68"
Banana,"76","109","73"
Banana,"66","95","64"
Banana,"42","75","41"
Banana,"164","204","145"
Banana,"54","85","47"
Banana,"88","143","95"
Banana,"78","129","91"
Banana,"110","162","111"
Banana,"67","123","69"
Banana,"69","115","66"
Banana,"119","161","117"
Banana,"10","41","1"
Banana,"94","151","75"
Banana,"80","119","81"
Banana,"48","89","52"
Banana,"74","119","76"
Banana,"82","119","76"
Banana,"94","134","105"
Banana,"71","118","69"
Banana,"46","85","47"
Banana,"119","155","115"
Banana,"26","70","32"
Banana,"114","148","117"
Banana,"102","136","105"
Banana,"101","134","98"
Banana,"93","127","100"
Banana,"114","151","108"
Banana,"73","108","77"
Banana,"146","182","147"
Banana,"82","132","98"
Banana,"70","104","81"
Banana,"64","93","66"
Banana,"26","59","35"
Banana,"116","141","115"
Banana,"70","114","82"
Banana,"94","137","107"
Banana,"60","117","70"
Banana,"90","140","104"
Banana,"71","114","80"
Banana,"69","107","77"
Banana,"93","125","97"
Banana,"93","140","101"
Banana,"72","100","75"
Banana,"73","111","65"
Banana,"89","135","89"
Banana,"96","153","77"
Banana,"60","116","62"
Banana,"82","145","85"
Banana,"73","121","74"
Banana,"61","102","65"
Banana,"130","166","123"
Banana,"98","139","102"
Banana,"84","108","77"
Banana,"93","140","101"
Banana,"124","170","125"
Banana,"63","99","62"
Banana,"106","136","95"
Banana,"105","134","109"
Banana,"84","123","89"
Banana,"92","130","98"
Banana,"99","145","112"
Banana,"125","153","128"
Banana,"108","143","112"
Banana,"90","124","97"
Banana,"115","147","121"
Banana,"124","158","131"
Banana,"33","71","41"
Banana,"61","106","68"
Banana,"71","111","78"
Banana,"84","124","95"
Banana,"80","114","90"
Banana,"35","73","45"
Banana,"121","170","110"
Banana,"87","133","87"
Banana,"114","154","121"
Banana,"78","112","83"
Banana,"192","223","185"
Banana,"72","119","78"
Banana,"32","82","48"
Banana,"78","136","83"
Banana,"41","91","51"
Banana,"36","75","39"
Banana,"125","156","115"
Banana,"115","154","100"
Banana,"62","109","60"
Banana,"106","151","105"
Banana,"106","146","102"
Banana,"77","119","67"
Banana,"63","109","60"
Banana,"118","181","130"
Banana,"211","237","193"
Banana,"98","141","111"
Banana,"196","247","202"
Banana,"98","138","105"
Banana,"121","155","124"
Banana,"167","211","171"
Banana,"129","175","130"
Banana,"138","189","151"
Banana,"78","132","89"
Banana,"86","126","95"
Banana,"127","158","120"
Banana,"58","86","61"
Banana,"62","107","82"
Banana,"97","120","85"
Banana,"107","142","95"
Banana,"59","103","65"
Banana,"189","210","175"
Banana,"148","182","151"
Banana,"188","225","185"
Banana,"54","82","57"
Banana,"121","134","112"
Banana,"102","132","99"
Banana,"62","91","60"
Banana,"133","152","126"
Banana,"114","150","100"
Banana,"86","108","76"
Banana,"112","126","98"
Banana,"0","41","0"
Banana,"92","127","96"
Banana,"53","86","52"
Banana,"45","70","44"
Banana,"101","133","105"
Banana,"117","142","106"
Banana,"116","149","117"
Banana,"126","161","128"
Banana,"75","110","79"
Banana,"37","71","40"
Banana,"158","191","157"
Banana,"69","98","63"
Banana,"52","53","41"
Banana,"124","145","108"
Banana,"80","115","80"
Banana,"129","165","128"
Banana,"53","85","55"
Banana,"75","87","62"
Banana,"91","115","84"
Banana,"104","136","108"
Banana,"89","124","89"
Banana,"160","190","157"
Banana,"88","114","82"
Banana,"163","189","155"
Banana,"50","79","44"
Banana,"106","131","92"
Banana,"168","188","146"
Banana,"163","202","166"
Banana,"126","180","137"
Banana,"85","126","91"
Banana,"144","185","150"
Banana,"103","145","124"
Banana,"77","122","82"
Banana,"198","236","190"
Banana,"74","113","77"
Banana,"128","161","125"
Banana,"143","177","122"
Banana,"139","179","136"
Banana,"146","194","150"
Banana,"147","202","156"
Banana,"126","155","126"
Banana,"89","112","89"
Banana,"152","202","162"
Banana,"143","186","152"
Banana,"161","201","160"
Banana,"82","126","94"
Banana,"71","114","88"
Banana,"182","215","183"
Banana,"79","107","86"
Banana,"118","155","115"
Banana,"165","215","159"
Banana,"81","116","79"
Banana,"140","160","128"
Banana,"49","67","51"
Banana,"40","43","43"
Banana,"120","137","126"
Banana,"65","89","69"
Banana,"116","143","127"
Harvested,"126","115","107"
Harvested,"159","148","140"
Harvested,"155","144","135"
Harvested,"214","205","191"
Harvested,"204","194","180"
Harvested,"187","177","163"
Harvested,"203","193","184"
Harvested,"201","191","182"
Harvested,"177","169","160"
Harvested,"184","176","167"
Harvested,"182","171","162"
Harvested,"179","168","159"
Harvested,"177","166","157"
Harvested,"157","146","137"
Harvested,"172","161","152"
Harvested,"149","138","130"
Harvested,"156","146","138"
Harvested,"154","144","138"
Harvested,"160","149","141"
Harvested,"174","165","149"
Harvested,"162","152","140"
Harvested,"142","131","122"
Harvested,"157","151","146"
Harvested,"156","146","137"
Harvested,"120","109","100"
Harvested,"157","146","137"
Harvested,"186","175","166"
Harvested,"178","164","156"
Harvested,"117","107","98"
Harvested,"148","138","129"
Harvested,"207","197","185"
Harvested,"164","153","145"
Harvested,"154","143","135"
Harvested,"173","165","147"
Harvested,"175","162","151"
Harvested,"221","211","195"
Harvested,"148","139","125"
Harvested,"133","123","107"
Harvested,"158","149","137"
Harvested,"144","135","123"
Harvested,"171","162","142"
Harvested,"147","147","152"
Harvested,"225","216","200"
Harvested,"181","174","157"
Harvested,"205","196","180"
Harvested,"182","174","154"
Harvested,"235","227","209"
Harvested,"204","192","173"
Harvested,"172","159","144"
Harvested,"139","126","115"
Harvested,"177","167","151"
Harvested,"151","141","127"
Harvested,"163","156","143"
Harvested,"178","169","157"
Harvested,"201","192","178"
Harvested,"226","224","209"
Harvested,"205","200","189"
Harvested,"103","100","89"
Harvested,"122","118","104"
Harvested,"126","117","105"
Harvested,"136","127","115"
Harvested,"162","153","139"
Harvested,"155","146","132"
Harvested,"203","196","181"
Harvested,"166","158","148"
Harvested,"155","152","143"
Harvested,"170","165","155"
Harvested,"153","128","101"
Harvested,"245","222","199"
Harvested,"172","149","126"
Harvested,"222","197","172"
Harvested,"184","160","130"
Harvested,"255","242","211"
Harvested,"228","214","185"
Harvested,"172","144","118"
Harvested,"226","202","172"
Harvested,"178","153","128"
Harvested,"217","194","171"
Harvested,"204","181","158"
Harvested,"163","147","131"
Harvested,"173","154","133"
Harvested,"185","168","143"
Harvested,"172","159","136"
Harvested,"191","178","152"
Harvested,"179","165","145"
Harvested,"127","121","116"
Harvested,"114","109","101"
Harvested,"127","122","114"
Harvested,"147","136","128"
Harvested,"152","138","120"
Harvested,"204","189","166"
Harvested,"191","178","153"
Harvested,"196","187","167"
Harvested,"127","118","98"
Harvested,"168","164","148"
Harvested,"172","168","152"
Harvested,"176","169","154"
Harvested,"238","230","212"
Harvested,"189","181","161"
Harvested,"221","212","190"
Harvested,"132","122","106"
Harvested,"181","172","158"
Harvested,"192","183","171"
Harvested,"202","191","164"
Harvested,"192","182","166"
Harvested,"219","209","195"
Harvested,"152","142","130"
Harvested,"133","126","109"
Harvested,"219","211","184"
Harvested,"184","171","160"
Harvested,"196","182","162"
Harvested,"189","176","163"
Harvested,"213","198","186"
Harvested,"138","129","117"
Harvested,"150","137","124"
Harvested,"147","130","116"
Harvested,"196","180","160"
Harvested,"205","187","168"
Harvested,"137","122","99"
Harvested,"212","198","182"
Harvested,"140","128","111"
Harvested,"221","212","192"
Harvested,"162","152","140"
Harvested,"193","181","164"
Harvested,"238","224","183"
Harvested,"214","196","169"
Harvested,"198","175","155"
Harvested,"168","152","132"
Harvested,"157","148","126"
Harvested,"178","168","159"
Harvested,"161","151","135"
Harvested,"231","223","203"
Harvested,"220","211","189"
Harvested,"175","171","153"
Harvested,"149","143","124"
Harvested,"160","138","116"
Harvested,"255","233","207"
Harvested,"208","187","153"
Harvested,"199","177","149"
Harvested,"154","134","116"
Harvested,"153","144","130"
Harvested,"119","115","99"
Harvested,"190","185","174"
Harvested,"100","90","78"
Harvested,"165","151","133"
Harvested,"188","178","164"
Harvested,"179","169","160"
Harvested,"177","168","152"
Harvested,"204","198","179"
Harvested,"177","168","154"
Harvested,"196","186","170"
Harvested,"207","195","176"
Harvested,"138","123","109"
Harvested,"189","175","157"
Harvested,"208","193","168"
Harvested,"138","119","98"
Harvested,"223","205","178"
Harvested,"144","121","101"
Harvested,"172","154","137"
Harvested,"166","147","134"
Harvested,"201","182","161"
Harvested,"218","196","176"
Harvested,"150","132","115"
Harvested,"216","200","180"
Harvested,"205","191","171"
Harvested,"187","169","150"
Harvested,"180","162","143"
Harvested,"166","148","131"
Harvested,"209","196","171"
Harvested,"197","185","154"
Harvested,"194","184","154"
Harvested,"185","172","146"
Harvested,"184","171","145"
Harvested,"221","205","177"
Harvested,"230","209","181"
Harvested,"194","168","146"
Harvested,"188","166","138"
Harvested,"139","116","93"
Harvested,"187","165","142"
Harvested,"225","206","185"
Harvested,"214","192","169"
Harvested,"210","188","168"
Harvested,"199","177","155"
Harvested,"167","145","123"
Harvested,"153","130","110"
Harvested,"177","158","135"
Harvested,"234","215","191"
Harvested,"162","140","120"
Harvested,"206","189","164"
Harvested,"152","130","110"
Harvested,"191","169","147"
Harvested,"186","169","147"
Harvested,"221","203","174"
Harvested,"227","210","185"
Harvested,"237","222","196"
Harvested,"164","149","126"
Harvested,"209","196","173"
Harvested,"184","172","153"
Harvested,"179","167","146"
Harvested,"193","184","162"
Harvested,"198","184","164"
Harvested,"162","146","128"
Harvested,"217","201","183"
Harvested,"229","214","191"
Harvested,"225","210","185"
Harvested,"187","174","149"
Harvested,"188","165","148"
Harvested,"219","203","175"
Harvested,"216","197","174"
Harvested,"176","159","134"
Harvested,"214","202","171"
Harvested,"185","169","151"
Harvested,"170","156","136"
Harvested,"180","169","145"
Harvested,"188","177","153"
Harvested,"218","206","185"
Harvested,"202","190","171"
Harvested,"174","162","145"
Harvested,"183","169","153"
Harvested,"201","189","172"
Harvested,"212","198","182"
Harvested,"179","163","147"
Harvested,"182","167","144"
Harvested,"191","177","148"
Harvested,"201","186","153"
Harvested,"214","196","169"
Harvested,"220","198","170"
Harvested,"213","192","164"
Harvested,"196","189","164"
Harvested,"189","180","158"
Harvested,"166","154","123"
Harvested,"169","156","130"
Harvested,"191","175","155"
Harvested,"243","228","202"
Harvested,"149","132","108"
Harvested,"255","238","215"
Harvested,"170","148","122"
Harvested,"222","200","174"
Harvested,"248","222","192"
Harvested,"228","209","186"
Harvested,"131","121","107"
Harvested,"135","131","117"
Harvested,"211","205","186"
Harvested,"143","133","119"
Harvested,"165","155","143"
Harvested,"154","141","126"
Harvested,"135","119","101"
Harvested,"202","183","162"
Harvested,"237","226","200"
Harvested,"208","195","172"
Harvested,"162","148","130"
Harvested,"249","235","215"
Harvested,"231","208","191"
Harvested,"247","224","201"
Harvested,"236","215","184"
Harvested,"232","210","187"
Harvested,"229","209","177"
Harvested,"255","240","215"
Harvested,"230","211","190"
Harvested,"198","181","159"
Harvested,"116","101","78"
Harvested,"167","147","131"
Harvested,"186","167","143"
Harvested,"225","214","190"
Harvested,"168","148","130"
Harvested,"187","174","151"
Harvested,"184","172","151"
Harvested,"191","178","155"
Harvested,"186","178","156"
Harvested,"171","162","140"
Harvested,"141","132","112"
Harvested,"184","172","151"
Harvested,"249","240","224"
Harvested,"141","118","98"
Harvested,"182","159","136"
Harvested,"223","198","171"
Harvested,"175","156","132"
Harvested,"130","113","88"
Harvested,"164","148","128"
Harvested,"189","171","154"
Harvested,"255","240","214"
Harvested,"196","177","154"
Harvested,"239","222","197"
Harvested,"219","201","174"
Harvested,"179","168","144"
Harvested,"123","100","77"
Harvested,"207","185","157"
Harvested,"219","201","172"
Harvested,"198","173","148"
Harvested,"201","179","151"
Harvested,"185","163","141"
Harvested,"218","199","175"
Harvested,"239","222","197"
Harvested,"219","198","167"
Harvested,"204","182","156"
Harvested,"187","162","135"
Harvested,"215","194","168"
Harvested,"147","130","105"
Harvested,"232","219","194"
Harvested,"255","241","216"
Harvested,"208","193","168"
Harvested,"229","216","190"
Harvested,"134","117","95"
Harvested,"208","186","158"
Harvested,"116","94","71"
Harvested,"241","220","194"
Harvested,"230","203","177"
Harvested,"185","164","136"
Harvested,"211","192","168"
Harvested,"228","203","176"
Harvested,"155","131","100"
Harvested,"218","193","168"
Harvested,"211","187","157"
Harvested,"161","135","113"
Harvested,"255","241","202"
Harvested,"230","212","185"
Harvested,"204","184","152"
Harvested,"154","126","105"
Harvested,"174","151","113"
Harvested,"220","205","172"
Harvested,"165","147","120"
Harvested,"230","211","174"
Harvested,"236","221","187"
Harvested,"191","170","144"
Harvested,"239","222","189"
Harvested,"231","216","183"
Harvested,"161","138","115"
Harvested,"225","210","177"
Harvested,"195","175","143"
Harvested,"174","147","123"
Harvested,"162","134","110"
Harvested,"195","170","143"
Harvested,"203","186","154"
Harvested,"217","197","165"
Harvested,"241","224","189"
Harvested,"190","171","147"
Harvested,"209","196","173"
Harvested,"227","212","187"
Harvested,"237","229","204"
Harvested,"222","206","176"
Harvested,"170","154","124"
Harvested,"235","225","195"
Harvested,"217","200","175"
Harvested,"231","217","186"
Harvested,"192","173","150"
Harvested,"247","232","206"
Harvested,"219","193","161"
Harvested,"162","141","115"
Harvested,"178","165","139"
Harvested,"207","187","156"
Harvested,"156","137","114"
Harvested,"246","228","199"
Harvested,"252","240","219"
Harvested,"208","196","167"
Harvested,"217","200","168"
Harvested,"224","206","177"
Harvested,"243","221","195"
Harvested,"152","124","104"
Harvested,"199","171","150"
Harvested,"221","199","176"
Harvested,"211","186","159"
Harvested,"221","200","174"
Harvested,"176","160","132"
Harvested,"190","173","151"
Harvested,"204","183","157"
Harvested,"130","136","103"
Harvested,"226","211","185"
Harvested,"167","153","122"
Harvested,"229","216","190"
Harvested,"119","111","83"
Harvested,"187","174","149"
Harvested,"219","205","176"
Harvested,"218","200","173"
Harvested,"219","204","179"
Harvested,"217","206","179"
Harvested,"196","188","160"
Harvested,"223","210","184"
Harvested,"236","225","198"
Harvested,"240","229","203"
Harvested,"161","146","121"
Harvested,"192","174","157"
Harvested,"156","139","115"
Harvested,"240","227","202"
Harvested,"179","167","148"
Harvested,"229","214","189"
Harvested,"209","195","188"
Harvested,"185","168","143"
Harvested,"217","200","175"
Harvested,"242","228","199"
Harvested,"240","225","199"
Harvested,"232","220","189"
Harvested,"239","225","196"
Harvested,"218","203","177"
Harvested,"230","213","181"
Harvested,"156","134","112"
Harvested,"219","195","165"
Harvested,"203","187","157"
Harvested,"216","198","171"
Harvested,"178","157","125"
Harvested,"177","152","125"
Harvested,"237","216","185"
Harvested,"211","193","166"
Harvested,"181","174","143"
Harvested,"227","204","181"
Harvested,"172","156","126"
Harvested,"232","210","184"
Harvested,"249","227","204"
Harvested,"125","105","87"
Harvested,"201","177","147"
Harvested,"231","210","178"
Harvested,"210","185","158"
Harvested,"221","200","169"
Harvested,"201","184","160"
Harvested,"226","212","194"
Harvested,"237","220","195"
Harvested,"187","169","150"
Harvested,"173","146","130"
Harvested,"194","168","147"
Harvested,"123","104","83"
Harvested,"194","176","147"
Harvested,"201","182","159"
Harvested,"247","233","204"
Harvested,"180","160","142"
Harvested,"240","221","197"
Harvested,"192","164","144"
Harvested,"205","195","179"
Harvested,"104","95","75"
Harvested,"167","151","131"
Harvested,"172","159","144"
Harvested,"220","209","185"
Harvested,"213","198","175"
Harvested,"249","232","208"
Harvested,"217","195","169"
Harvested,"171","155","135"
Harvested,"176","160","140"
Harvested,"192","173","150"
Harvested,"172","159","134"
Harvested,"175","158","133"
Harvested,"202","185","161"
Harvested,"217","199","180"
Harvested,"173","161","142"
Harvested,"183","172","146"
Harvested,"171","163","136"
Harvested,"199","193","170"
Harvested,"159","153","132"
Harvested,"161","141","127"
Harvested,"190","168","145"
Harvested,"219","207","188"
Harvested,"177","161","141"
Harvested,"179","160","136"
Harvested,"178","159","138"
Harvested,"177","164","153"
Harvested,"182","164","147"
Harvested,"186","170","152"
Harvested,"186","170","152"
Harvested,"199","182","160"
Harvested,"228","211","186"
Harvested,"189","168","140"
Harvested,"187","170","148"
Harvested,"148","132","112"
Harvested,"171","158","133"
Harvested,"166","148","129"
Harvested,"176","158","139"
Harvested,"170","152","133"
Harvested,"202","184","165"
Harvested,"182","172","158"
Harvested,"159","147","130"
Harvested,"248","239","221"
Harvested,"195","184","158"
Harvested,"251","238","213"
Harvested,"161","142","118"
Harvested,"205","194","167"
Harvested,"211","198","173"
Harvested,"226","212","192"
Harvested,"242","229","206"
Harvested,"170","162","142"
Harvested,"175","158","136"
Harvested,"205","190","167"
Harvested,"199","185","154"
Harvested,"250","242","215"
Harvested,"169","170","136"
Harvested,"244","231","205"
Harvested,"237","228","206"
Harvested,"238","225","200"
Harvested,"216","202","182"
Harvested,"210","197","174"
Harvested,"163","145","130"
Harvested,"220","207","184"
Harvested,"188","174","156"
Harvested,"200","189","163"
Harvested,"181","169","152"
Harvested,"199","192","167"
Harvested,"197","188","166"
Harvested,"244","237","212"
Harvested,"221","207","187"
Harvested,"169","157","136"
Harvested,"234","217","192"
Harvested,"207","191","171"
Harvested,"247","233","213"
Harvested,"171","159","138"
Harvested,"175","164","138"
Harvested,"216","216","185"
Harvested,"200","199","176"
Harvested,"242","239","217"
Harvested,"239","234","206"
Harvested,"197","195","180"
Harvested,"206","198","176"
Harvested,"184","181","157"
Harvested,"223","215","188"
Harvested,"194","186","159"
Harvested,"208","200","180"
Harvested,"221","214","197"
Harvested,"231","223","203"
Harvested,"235","222","185"
Harvested,"167","155","126"
Harvested,"253","245","227"
Harvested,"238","229","207"
Harvested,"240","226","208"
Harvested,"208","188","172"
Harvested,"255","245","219"
Harvested,"224","209","186"
Harvested,"188","185","163"
Harvested,"254","248","227"
Harvested,"246","231","206"
Harvested,"229","215","195"
Harvested,"238","224","204"
Harvested,"198","184","164"
Harvested,"224","208","188"
Harvested,"225","209","189"
Harvested,"245","228","196"
Harvested,"188","171","146"
Harvested,"255","248","225"
Harvested,"212","191","165"
Harvested,"216","194","172"
Harvested,"158","139","115"
Harvested,"184","167","142"
Harvested,"241","224","200"
Harvested,"192","177","151"
Harvested,"231","214","190"
Harvested,"179","164","139"
Harvested,"196","180","162"
Harvested,"183","166","144"
Harvested,"214","197","175"
Harvested,"212","198","178"
Harvested,"124","110","102"
Harvested,"188","174","156"
Harvested,"214","198","178"
Harvested,"210","193","168"
Harvested,"196","181","156"
Harvested,"153","136","114"
Harvested,"194","177","155"
Harvested,"247","229","200"
Harvested,"221","202","179"
Harvested,"237","218","197"
Harvested,"227","208","185"
Harvested,"231","212","189"
Harvested,"220","203","178"
Harvested,"243","221","198"
Harvested,"120","98","75"
Harvested,"182","160","137"
Harvested,"207","189","162"
Harvested,"117","92","65"
Harvested,"197","174","151"
Harvested,"203","181","155"
Harvested,"163","141","115"
Harvested,"188","162","141"
Harvested,"193","176","144"
Harvested,"213","192","166"
Harvested,"185","168","144"
Harvested,"244","229","204"
Harvested,"202","185","161"
Harvested,"176","157","136"
Harvested,"222","197","172"
Harvested,"169","147","125"
Harvested,"209","189","173"
Harvested,"132","114","99"
Harvested,"155","135","129"
Harvested,"189","166","153"
Harvested,"134","112","86"
Harvested,"238","217","186"
Harvested,"204","179","152"
Harvested,"165","141","126"
Harvested,"183","159","144"
Harvested,"127","103","90"
Harvested,"185","162","142"
Harvested,"141","113","92"
Harvested,"155","127","101"
Harvested,"184","158","136"
Harvested,"163","140","117"
Harvested,"185","160","135"
Harvested,"180","163","131"
Harvested,"171","155","127"
Harvested,"184","162","139"
Harvested,"175","156","132"
Harvested,"179","162","138"
Harvested,"169","143","124"
Harvested,"206","192","161"
Harvested,"199","186","160"
Harvested,"179","160","139"
Harvested,"229","208","174"
Harvested,"204","182","156"
Harvested,"171","146","119"
Harvested,"184","166","139"
Harvested,"156","134","112"
Harvested,"148","121","109"
Harvested,"182","155","129"
Harvested,"189","162","136"
Harvested,"198","173","146"
Harvested,"200","185","162"
Harvested,"249","232","199"
Harvested,"231","208","172"
Harvested,"228","212","184"
Harvested,"178","161","129"
Harvested,"243","235","213"
Harvested,"237","224","190"
Harvested,"234","220","189"
Harvested,"242","230","201"
Harvested,"225","210","187"
Harvested,"227","208","184"
Harvested,"221","204","171"
Harvested,"244","229","196"
Harvested,"229","211","182"
Harvested,"171","148","125"
Harvested,"237","217","186"
Harvested,"240","223","190"
Harvested,"214","198","168"
Harvested,"198","184","155"
Harvested,"202","188","157"
Harvested,"204","190","159"
Harvested,"157","135","112"
Harvested,"213","196","171"
Harvested,"158","133","98"
Harvested,"218","199","175"
Harvested,"192","172","135"
Harvested,"245","224","192"
Harvested,"218","198","167"
Harvested,"241","221","189"
Harvested,"169","151","124"
Harvested,"204","187","155"
Harvested,"235","218","186"
Harvested,"242","221","193"
Harvested,"218","201","169"
Harvested,"231","214","182"
Harvested,"220","202","175"
Harvested,"225","209","181"
Harvested,"173","145","125"
Harvested,"157","127","118"
Harvested,"187","163","146"
Harvested,"195","172","152"
Harvested,"223","206","173"
Harvested,"201","185","167"
Harvested,"213","197","179"
Harvested,"193","176","154"
Harvested,"168","148","130"
Harvested,"169","140","120"
Harvested,"244","230","201"
Harvested,"241","224","192"
Harvested,"232","210","182"
Harvested,"220","204","174"
Harvested,"212","197","171"
Harvested,"192","175","150"
Harvested,"202","182","151"
Harvested,"253","231","208"
Harvested,"221","204","180"
Harvested,"214","199","176"
Harvested,"249","234","209"
Harvested,"184","169","144"
Harvested,"227","214","189"
Harvested,"240","227","204"
Harvested,"247","233","204"
Harvested,"240","222","195"
Harvested,"211","190","156"
Harvested,"193","169","136"
Harvested,"209","188","162"
Harvested,"217","196","168"
Harvested,"224","203","171"
Harvested,"230","209","181"
Harvested,"248","228","194"
Harvested,"241","220","186"
Harvested,"225","205","171"
Harvested,"218","197","169"
Harvested,"231","213","184"
Harvested,"223","205","176"
Harvested,"209","194","161"
Harvested,"193","171","143"
Harvested,"217","196","170"
Harvested,"194","186","164"
Harvested,"202","185","161"
Harvested,"234","221","195"
Harvested,"238","227","200"
Harvested,"181","163","146"
Harvested,"206","189","167"
Harvested,"219","203","183"
Harvested,"173","159","143"
Harvested,"183","169","149"
Harvested,"227","212","186"
Harvested,"220","205","179"
Harvested,"176","161","138"
Harvested,"220","211","189"
Harvested,"193","179","159"
Harvested,"207","192","167"
Harvested,"206","187","164"
Harvested,"229","214","189"
Harvested,"220","200","182"
Harvested,"162","151","125"
Harvested,"227","212","189"
Harvested,"204","189","164"
Harvested,"134","119","96"
Harvested,"207","193","173"
Harvested,"155","136","125"
Harvested,"179","165","157"
Harvested,"223","206","192"
Harvested,"209","200","180"
Harvested,"177","154","137"
Harvested,"182","159","136"
Harvested,"207","188","165"
Harvested,"220","201","177"
Harvested,"198","177","149"
Harvested,"202","181","150"
Harvested,"199","184","161"
Harvested,"150","133","109"
Harvested,"229","213","193"
Harvested,"197","186","162"
Harvested,"190","173","159"
Harvested,"230","218","201"
Harvested,"211","198","175"
Harvested,"236","225","199"
Harvested,"200","187","161"
Harvested,"181","169","150"
Harvested,"239","228","202"
Harvested,"186","175","151"
Harvested,"206","191","166"
Harvested,"228","215","192"
Harvested,"181","168","145"
Harvested,"212","196","176"
Harvested,"184","170","152"
Harvested,"186","174","155"
Harvested,"242","233","211"
Harvested,"195","187","160"
Harvested,"198","186","165"
Harvested,"199","186","161"
Harvested,"243","229","211"
Harvested,"198","188","172"
Harvested,"168","158","144"
Harvested,"175","163","146"
Harvested,"212","201","177"
Harvested,"201","179","157"
Harvested,"236","211","186"
Harvested,"243","218","191"
Harvested,"219","201","174"
Harvested,"245","227","200"
Harvested,"215","194","162"
Harvested,"217","197","165"
Harvested,"240","219","185"
Harvested,"228","214","183"
Harvested,"255","239","211"
Harvested,"240","224","196"
Harvested,"177","157","126"
Harvested,"241","221","189"
Harvested,"185","168","146"
Harvested,"190","172","145"
Harvested,"216","198","169"
Harvested,"222","200","172"
Harvested,"216","196","164"
Harvested,"215","195","163"
Harvested,"230","215","179"
Harvested,"255","239","207"
Harvested,"230","213","180"
Harvested,"220","199","167"
Harvested,"192","179","154"
Harvested,"205","183","160"
Harvested,"233","224","188"
Harvested,"230","222","197"
Harvested,"251","238","213"
Harvested,"214","201","176"
Harvested,"222","211","185"
Harvested,"247","235","214"
Harvested,"209","198","172"
Harvested,"144","129","106"
Harvested,"202","185","163"
Harvested,"215","197","170"
Harvested,"211","200","174"
Harvested,"255","245","219"
Harvested,"211","194","172"
Harvested,"249","236","213"
Harvested,"188","175","162"
Harvested,"231","222","204"
Harvested,"243","230","207"
Harvested,"170","149","123"
Harvested,"232","212","181"
Harvested,"179","148","125"
Harvested,"240","211","177"
Harvested,"203","179","146"
Harvested,"212","192","161"
Harvested,"191","166","139"
Harvested,"184","160","143"
Harvested,"189","174","162"
Harvested,"125","107","88"
Harvested,"174","156","139"
Harvested,"173","155","128"
Harvested,"255","238","214"
Harvested,"210","195","172"
Harvested,"236","224","205"
Harvested,"184","167","145"
Harvested,"181","162","138"
Harvested,"189","171","154"
Harvested,"177","163","132"
Harvested,"152","130","107"
Harvested,"193","172","146"
Harvested,"184","162","139"
Harvested,"186","164","141"
Harvested,"196","179","154"
Harvested,"196","182","166"
Harvested,"238","225","210"
Harvested,"214","200","182"
Harvested,"220","198","175"
Harvested,"252","231","205"
Harvested,"201","186","161"
Harvested,"207","188","165"
Harvested,"158","135","113"
Harvested,"188","179","159"
Harvested,"217","200","176"
Harvested,"206","193","168"
Harvested,"235","209","187"
Harvested,"218","201","177"
Harvested,"227","206","180"
Harvested,"227","209","182"
Harvested,"151","129","106"
Harvested,"229","207","179"
Harvested,"254","239","213"
Harvested,"249","237","208"
Harvested,"202","183","159"
Harvested,"199","176","153"
Harvested,"210","189","158"
Harvested,"226","204","176"
Harvested,"147","123","93"
Harvested,"221","201","169"
Harvested,"235","217","190"
Harvested,"210","192","163"
Harvested,"194","170","140"
Harvested,"215","196","172"
Harvested,"229","207","184"
Harvested,"179","157","129"
Harvested,"208","192","164"
Harvested,"182","168","148"
Harvested,"169","146","123"
Harvested,"237","215","192"
Harvested,"234","221","196"
Harvested,"246","232","203"
Harvested,"204","184","152"
Harvested,"171","151","120"
Harvested,"243","226","194"
Harvested,"239","224","201"
Harvested,"200","183","158"
Harvested,"212","193","172"
Harvested,"242","224","205"
Harvested,"229","214","188"
Harvested,"225","210","185"
Harvested,"226","209","176"
Harvested,"214","192","164"
Harvested,"212","195","170"
Harvested,"240","218","195"
Harvested,"237","222","197"
Harvested,"211","195","165"
Harvested,"230","205","180"
Harvested,"219","189","161"
Harvested,"221","200","172"
Harvested,"186","154","127"
Harvested,"197","171","141"
Harvested,"255","230","203"
Harvested,"244","218","188"
Harvested,"219","190","156"
Harvested,"212","188","158"
Harvested,"224","206","179"
Harvested,"210","189","163"
Harvested,"216","195","167"
Harvested,"214","196","167"
Harvested,"245","223","200"
Harvested,"230","214","184"
Harvested,"232","214","187"
Harvested,"233","222","196"
Harvested,"194","187","160"
Harvested,"216","201","175"
Harvested,"211","195","167"
Harvested,"201","187","158"
Harvested,"209","188","160"
Harvested,"198","180","153"
Harvested,"196","179","154"
Harvested,"189","167","145"
Harvested,"175","160","135"
Harvested,"239","220","199"
Harvested,"200","181","158"
Harvested,"231","214","189"
Harvested,"194","173","147"
Harvested,"216","199","174"
Harvested,"236","223","200"
Harvested,"182","170","149"
Harvested,"195","184","160"
Harvested,"214","200","184"
Harvested,"197","183","165"
Harvested,"138","118","102"
Harvested,"232","214","187"
Harvested,"186","155","130"
Harvested,"173","141","113"
Harvested,"191","159","129"
Harvested,"203","168","139"
Harvested,"170","137","113"
Harvested,"220","199","168"
Harvested,"220","193","167"
Harvested,"243","221","198"
Harvested,"188","158","130"
Harvested,"206","175","150"
Harvested,"184","156","135"
Harvested,"172","140","120"
Harvested,"236","215","184"
Harvested,"199","175","144"
Harvested,"229","198","173"
Harvested,"180","151","133"
Harvested,"219","211","191"
Harvested,"196","185","161"
Harvested,"194","182","161"
Harvested,"230","222","195"
Harvested,"216","205","179"
Harvested,"162","149","126"
Harvested,"242","227","201"
Harvested,"249","234","208"
Harvested,"224","206","179"
Harvested,"250","233","208"
Harvested,"208","193","168"
Harvested,"211","197","179"
Harvested,"216","201","176"
Harvested,"213","198","173"
Harvested,"218","206","185"
Harvested,"170","158","137"
Harvested,"232","206","177"
Harvested,"243","228","214"
Harvested,"219","201","182"
Harvested,"200","184","166"
Harvested,"249","226","209"
Harvested,"238","211","185"
Harvested,"196","168","144"
Harvested,"236","207","186"
Harvested,"190","176","158"
Harvested,"177","161","143"
Harvested,"216","202","182"
Harvested,"198","176","156"
Harvested,"222","193","173"
Harvested,"162","130","110"
Harvested,"202","165","142"
Harvested,"219","197","175"
Harvested,"155","126","106"
Harvested,"229","205","174"
Harvested,"197","179","152"
Harvested,"253","237","207"
Harvested,"243","231","210"
Harvested,"222","210","189"
Harvested,"227","214","191"
Harvested,"159","131","107"
Harvested,"195","179","163"
Harvested,"246","238","220"
Harvested,"192","178","162"
Harvested,"187","172","162"
Harvested,"171","156","144"
Harvested,"205","193","172"
Harvested,"161","157","139"
Harvested,"244","229","206"
Harvested,"193","180","157"
Harvested,"255","255","235"
Harvested,"184","173","147"
Harvested,"171","145","124"
Harvested,"218","194","163"
Harvested,"231","209","183"
Harvested,"180","158","132"
Harvested,"197","184","158"
Harvested,"211","198","173"
Harvested,"198","181","156"
Harvested,"181","166","143"
Harvested,"203","184","161"
Harvested,"248","229","206"
Harvested,"245","227","208"
Harvested,"220","207","182"
Harvested,"255","247","222"
Harvested,"238","221","197"
Harvested,"121","104","82"
Harvested,"238","223","197"
Harvested,"236","223","200"
Harvested,"123","104","91"
Harvested,"164","154","142"
Harvested,"194","182","165"
Harvested,"208","193","168"
Harvested,"174","160","142"
Harvested,"124","110","94"
Harvested,"136","119","105"
Harvested,"178","162","142"
Harvested,"161","145","125"
Harvested,"158","144","124"
Harvested,"181","168","143"
Harvested,"211","189","161"
Harvested,"221","204","180"
Harvested,"137","124","109"
Harvested,"115","101","83"
Harvested,"139","120","99"
Harvested,"244","221","204"
Harvested,"212","192","161"
Harvested,"240","218","190"
Harvested,"227","203","173"
Harvested,"177","151","129"
Harvested,"210","190","158"
Harvested,"168","152","132"
Harvested,"163","162","137"
Harvested,"180","184","155"
Harvested,"210","204","181"
Harvested,"180","169","142"
Harvested,"217","204","178"
Harvested,"221","203","184"
Harvested,"179","167","148"
Harvested,"224","215","201"
Harvested,"218","200","181"
Harvested,"176","163","140"
Harvested,"177","166","142"
Harvested,"199","191","166"
Harvested,"224","210","194"
Harvested,"128","111","97"
Harvested,"255","244","218"
Harvested,"185","173","156"
Harvested,"189","186","164"
Harvested,"148","139","121"
Harvested,"216","209","184"
Harvested,"200","195","167"
Harvested,"236","221","198"
Harvested,"191","190","169"
Harvested,"186","185","162"
Harvested,"203","186","164"
Harvested,"252","235","210"
Harvested,"149","131","112"
Harvested,"94","76","59"
Harvested,"153","139","123"
Harvested,"173","159","139"
Harvested,"187","179","159"
Harvested,"226","215","191"
Harvested,"213","205","180"
Harvested,"222","216","197"
Harvested,"173","167","148"
Harvested,"143","142","119"
Harvested,"216","215","194"
Harvested,"170","164","145"
Harvested,"132","122","108"
Harvested,"197","183","165"
Harvested,"159","145","129"
Harvested,"221","204","180"
Fresh_Field,"108","97","88"
Fresh_Field,"137","128","116"
Fresh_Field,"101","91","83"
Fresh_Field,"119","111","102"
Fresh_Field,"134","124","118"
Fresh_Field,"140","133","120"
Fresh_Field,"112","104","94"
Fresh_Field,"106","96","87"
Fresh_Field,"135","125","117"
Fresh_Field,"118","113","102"
Fresh_Field,"173","165","155"
Fresh_Field,"135","127","118"
Fresh_Field,"125","117","108"
Fresh_Field,"111","106","98"
Fresh_Field,"137","132","122"
Fresh_Field,"123","113","104"
Fresh_Field,"160","150","142"
Fresh_Field,"123","112","104"
Fresh_Field,"107","93","86"
Fresh_Field,"128","120","111"
Fresh_Field,"136","131","123"
Fresh_Field,"71","66","58"
Fresh_Field,"86","81","73"
Fresh_Field,"104","100","94"
Fresh_Field,"105","100","92"
Fresh_Field,"139","131","124"
Fresh_Field,"157","147","139"
Fresh_Field,"112","102","96"
Fresh_Field,"113","102","94"
Fresh_Field,"155","141","133"
Fresh_Field,"116","106","98"
Fresh_Field,"120","110","101"
Fresh_Field,"132","121","112"
Fresh_Field,"122","114","105"
Fresh_Field,"141","133","126"
Fresh_Field,"146","138","131"
Fresh_Field,"155","137","120"
Fresh_Field,"175","156","143"
Fresh_Field,"99","82","68"
Fresh_Field,"150","135","123"
Fresh_Field,"91","76","66"
Fresh_Field,"133","120","107"
Fresh_Field,"159","145","129"
Fresh_Field,"150","136","118"
Fresh_Field,"155","140","128"
Fresh_Field,"130","117","106"
Fresh_Field,"124","111","100"
Fresh_Field,"140","125","113"
Fresh_Field,"150","141","119"
Fresh_Field,"116","107","91"
Fresh_Field,"76","66","57"
Fresh_Field,"121","111","102"
Fresh_Field,"104","94","86"
Fresh_Field,"161","151","139"
Fresh_Field,"159","146","131"
Fresh_Field,"163","152","143"
Fresh_Field,"153","145","138"
Fresh_Field,"116","106","100"
Fresh_Field,"121","110","102"
Fresh_Field,"134","123","114"
Fresh_Field,"79","69","60"
Fresh_Field,"129","116","105"
Fresh_Field,"130","117","106"
Fresh_Field,"113","102","94"
Fresh_Field,"113","108","100"
Fresh_Field,"137","127","119"
Fresh_Field,"118","110","103"
Fresh_Field,"112","104","95"
Fresh_Field,"132","124","115"
Fresh_Field,"126","118","109"
Fresh_Field,"87","82","72"
Fresh_Field,"100","95","85"
Fresh_Field,"105","100","90"
Fresh_Field,"85","80","70"
Fresh_Field,"127","119","110"
Fresh_Field,"154","149","141"
Fresh_Field,"157","152","144"
Fresh_Field,"80","72","65"
Fresh_Field,"168","160","153"
Fresh_Field,"100","90","81"
Fresh_Field,"151","140","131"
Fresh_Field,"111","100","91"
Fresh_Field,"116","105","96"
Fresh_Field,"130","120","108"
Fresh_Field,"108","98","86"
Fresh_Field,"131","121","113"
Fresh_Field,"111","100","94"
Fresh_Field,"73","62","56"
Fresh_Field,"86","76","70"
Fresh_Field,"117","109","102"
Fresh_Field,"120","111","109"
Fresh_Field,"87","81","78"
Fresh_Field,"108","100","93"
Fresh_Field,"109","101","94"
Fresh_Field,"102","92","86"
Fresh_Field,"125","115","109"
Fresh_Field,"125","115","109"
Fresh_Field,"128","120","113"
Fresh_Field,"164","158","153"
Fresh_Field,"116","110","105"
Fresh_Field,"75","69","66"
Fresh_Field,"113","103","94"
Fresh_Field,"114","104","96"
Fresh_Field,"100","95","87"
Fresh_Field,"96","87","85"
Fresh_Field,"105","94","86"
Fresh_Field,"135","122","111"
Fresh_Field,"123","113","101"
Fresh_Field,"94","89","81"
Fresh_Field,"99","93","88"
Fresh_Field,"72","67","59"
Fresh_Field,"103","97","94"
Fresh_Field,"99","95","91"
Fresh_Field,"83","77","74"
Fresh_Field,"133","123","114"
Fresh_Field,"98","87","79"
Fresh_Field,"135","121","113"
Fresh_Field,"112","102","96"
Fresh_Field,"125","115","109"
Fresh_Field,"160","149","143"
Fresh_Field,"121","110","101"
Fresh_Field,"88","76","73"
Fresh_Field,"112","100","97"
Fresh_Field,"133","119","114"
Fresh_Field,"102","92","86"
Fresh_Field,"64","53","50"
Fresh_Field,"103","92","89"
Fresh_Field,"107","99","92"
Fresh_Field,"108","98","92"
Fresh_Field,"154","144","136"
Fresh_Field,"126","115","109"
Fresh_Field,"90","79","71"
Fresh_Field,"91","81","75"
Fresh_Field,"104","93","90"
Fresh_Field,"102","91","88"
Fresh_Field,"108","99","97"
Fresh_Field,"140","125","111"
Fresh_Field,"152","141","133"
Fresh_Field,"163","146","136"
Fresh_Field,"150","134","128"
Fresh_Field,"156","146","130"
Fresh_Field,"140","126","118"
Fresh_Field,"135","121","113"
Fresh_Field,"130","116","109"
Fresh_Field,"128","117","111"
Fresh_Field,"165","155","141"
Fresh_Field,"143","130","119"
Fresh_Field,"131","120","111"
Fresh_Field,"126","115","109"
Fresh_Field,"120","108","105"
Fresh_Field,"133","120","109"
Fresh_Field,"149","138","130"
Fresh_Field,"179","164","154"
Fresh_Field,"149","137","136"
Fresh_Field,"104","94","88"
Fresh_Field,"150","138","119"
Fresh_Field,"137","126","117"
Fresh_Field,"113","109","106"
Fresh_Field,"137","123","116"
Fresh_Field,"137","126","118"
Fresh_Field,"142","132","124"
Fresh_Field,"130","119","111"
Fresh_Field,"140","135","127"
Fresh_Field,"136","126","117"
Fresh_Field,"108","97","88"
Fresh_Field,"139","123","116"
Fresh_Field,"143","127","120"
Fresh_Field,"136","120","113"
Fresh_Field,"162","147","135"
Fresh_Field,"125","114","106"
Fresh_Field,"147","134","121"
Fresh_Field,"136","119","107"
Fresh_Field,"135","124","116"
Fresh_Field,"130","114","107"
Fresh_Field,"127","113","105"
Fresh_Field,"178","165","152"
Fresh_Field,"148","132","125"
Fresh_Field,"175","156","143"
Fresh_Field,"141","124","114"
Fresh_Field,"99","88","79"
Fresh_Field,"185","168","156"
Fresh_Field,"154","135","124"
Fresh_Field,"128","113","103"
Fresh_Field,"108","92","85"
Fresh_Field,"147","137","128"
Fresh_Field,"182","163","139"
Fresh_Field,"193","171","148"
Fresh_Field,"203","186","162"
Fresh_Field,"191","177","157"
Fresh_Field,"173","161","142"
Fresh_Field,"187","175","156"
Fresh_Field,"183","171","150"
Fresh_Field,"204","189","164"
Fresh_Field,"203","186","161"
Fresh_Field,"177","155","132"
Fresh_Field,"178","153","128"
Fresh_Field,"184","158","136"
Fresh_Field,"174","151","128"
Fresh_Field,"197","175","152"
Fresh_Field,"183","160","137"
Fresh_Field,"182","150","130"
Fresh_Field,"203","175","155"
Fresh_Field,"167","138","123"
Fresh_Field,"142","118","103"
Fresh_Field,"164","140","125"
Fresh_Field,"172","149","136"
Fresh_Field,"166","138","120"
Fresh_Field,"197","174","152"
Fresh_Field,"210","188","166"
Fresh_Field,"195","176","153"
Fresh_Field,"184","162","139"
Fresh_Field,"193","171","149"
Fresh_Field,"178","155","133"
Fresh_Field,"170","148","128"
Fresh_Field,"183","163","147"
Fresh_Field,"174","157","145"
Fresh_Field,"157","144","133"
Fresh_Field,"150","139","130"
Fresh_Field,"190","171","148"
Fresh_Field,"147","123","110"
Fresh_Field,"188","162","143"
Fresh_Field,"198","179","156"
Fresh_Field,"199","182","157"
Fresh_Field,"197","178","155"
Fresh_Field,"179","155","144"
Fresh_Field,"152","128","113"
Fresh_Field,"204","189","156"
Fresh_Field,"184","170","141"
Fresh_Field,"196","181","155"
Fresh_Field,"180","157","137"
Fresh_Field,"183","164","141"
Fresh_Field,"196","182","153"
Fresh_Field,"201","188","165"
Fresh_Field,"200","180","164"
Fresh_Field,"175","157","140"
Fresh_Field,"181","153","133"
Fresh_Field,"190","164","142"
Fresh_Field,"195","167","146"
Fresh_Field,"178","152","130"
Fresh_Field,"189","163","142"
Fresh_Field,"182","154","136"
Fresh_Field,"187","164","142"
Fresh_Field,"200","174","152"
Fresh_Field,"188","166","143"
Fresh_Field,"171","145","126"
Fresh_Field,"148","127","115"
Fresh_Field,"149","130","119"
Fresh_Field,"161","138","125"
Fresh_Field,"134","115","102"
Fresh_Field,"149","130","117"
Fresh_Field,"153","132","120"
Fresh_Field,"163","143","129"
Fresh_Field,"152","133","122"
Fresh_Field,"138","117","109"
Fresh_Field,"163","140","127"
Fresh_Field,"176","153","140"
Fresh_Field,"182","164","149"
Fresh_Field,"157","142","130"
Fresh_Field,"180","163","149"
Fresh_Field,"156","137","126"
Fresh_Field,"178","155","135"
Fresh_Field,"182","162","144"
Fresh_Field,"180","164","148"
Fresh_Field,"210","201","181"
Fresh_Field,"199","186","171"
Fresh_Field,"149","136","125"
Fresh_Field,"159","146","131"
Fresh_Field,"157","144","133"
Fresh_Field,"182","169","156"
Fresh_Field,"203","194","180"
Fresh_Field,"174","161","146"
Fresh_Field,"192","183","169"
Fresh_Field,"156","147","131"
Fresh_Field,"195","186","168"
Fresh_Field,"198","181","159"
Fresh_Field,"176","163","152"
Fresh_Field,"188","171","157"
Fresh_Field,"194","179","165"
Fresh_Field,"174","151","131"
Fresh_Field,"123","104","95"
Fresh_Field,"129","110","97"
Fresh_Field,"201","178","163"
Fresh_Field,"100","77","60"
Fresh_Field,"96","79","69"
Fresh_Field,"119","100","89"
Fresh_Field,"131","108","95"
Fresh_Field,"135","108","94"
Fresh_Field,"132","113","100"
Fresh_Field,"140","120","106"
Fresh_Field,"160","140","124"
Fresh_Field,"155","132","112"
Fresh_Field,"182","158","141"
Fresh_Field,"145","122","109"
Fresh_Field,"177","153","136"
Fresh_Field,"179","156","134"
Fresh_Field,"183","157","135"
Fresh_Field,"175","155","137"
Fresh_Field,"138","115","102"
Fresh_Field,"159","135","120"
Fresh_Field,"173","147","128"
Fresh_Field,"181","155","134"
Fresh_Field,"183","161","141"
Fresh_Field,"177","155","129"
Fresh_Field,"183","160","138"
Fresh_Field,"183","157","138"
Fresh_Field,"143","120","107"
Fresh_Field,"120","97","82"
Fresh_Field,"128","111","97"
Fresh_Field,"130","110","96"
Fresh_Field,"154","131","118"
Fresh_Field,"214","201","178"
Fresh_Field,"193","173","155"
Fresh_Field,"145","124","114"
Fresh_Field,"167","148","137"
Fresh_Field,"185","166","155"
Fresh_Field,"192","182","166"
Fresh_Field,"176","166","152"
Fresh_Field,"151","138","125"
Fresh_Field,"179","169","157"
Fresh_Field,"148","135","122"
Fresh_Field,"166","151","137"
Fresh_Field,"148","133","121"
Fresh_Field,"174","157","143"
Fresh_Field,"141","126","114"
Fresh_Field,"155","145","131"
Fresh_Field,"174","165","149"
Fresh_Field,"179","169","153"
Fresh_Field,"210","198","179"
Fresh_Field,"164","154","145"
Fresh_Field,"105","95","83"
Fresh_Field,"178","168","154"
Fresh_Field,"190","181","165"
Fresh_Field,"151","141","127"
Fresh_Field,"200","191","171"
Fresh_Field,"186","177","157"
Fresh_Field,"158","150","141"
Fresh_Field,"201","193","183"
Fresh_Field,"156","143","130"
Fresh_Field,"187","173","157"
Fresh_Field,"147","136","127"
Fresh_Field,"191","184","171"
Fresh_Field,"165","155","139"
Fresh_Field,"144","135","133"
Fresh_Field,"150","139","131"
Fresh_Field,"157","138","127"
Fresh_Field,"140","116","103"
Fresh_Field,"189","168","156"
Fresh_Field,"170","155","143"
Fresh_Field,"152","137","125"
Fresh_Field,"141","126","116"
Fresh_Field,"112","103","99"
Fresh_Field,"141","131","119"
Fresh_Field,"158","143","133"
Fresh_Field,"182","167","157"
Fresh_Field,"170","155","143"
Fresh_Field,"162","147","135"
Fresh_Field,"135","118","106"
Fresh_Field,"110","93","81"
Fresh_Field,"111","88","75"
Fresh_Field,"143","118","107"
Fresh_Field,"146","119","105"
Fresh_Field,"164","137","121"
Fresh_Field,"189","163","144"
Fresh_Field,"183","160","143"
Fresh_Field,"189","171","154"
Fresh_Field,"155","138","126"
Fresh_Field,"131","117","110"
Fresh_Field,"125","109","102"
Fresh_Field,"122","106","99"
Fresh_Field,"133","116","106"
Fresh_Field,"134","115","104"
Fresh_Field,"110","92","85"
Fresh_Field,"121","106","96"
Fresh_Field,"131","112","101"
Fresh_Field,"143","122","110"
Fresh_Field,"133","116","104"
Fresh_Field,"120","105","93"
Fresh_Field,"109","94","82"
Fresh_Field,"133","123","111"
Fresh_Field,"150","140","128"
Fresh_Field,"114","98","91"
Fresh_Field,"130","113","101"
Fresh_Field,"147","142","132"
Fresh_Field,"147","139","129"
Fresh_Field,"113","98","88"
Fresh_Field,"167","154","139"
Fresh_Field,"155","145","129"
Fresh_Field,"140","127","116"
Fresh_Field,"131","116","106"
Fresh_Field,"176","166","152"
Fresh_Field,"167","157","145"
Fresh_Field,"169","159","147"
Fresh_Field,"174","164","152"
Fresh_Field,"192","185","172"
Fresh_Field,"176","168","161"
Fresh_Field,"156","147","135"
Fresh_Field,"162","151","142"
Fresh_Field,"177","168","156"
Fresh_Field,"166","157","145"
Fresh_Field,"112","104","97"
Fresh_Field,"112","104","97"
Fresh_Field,"159","151","141"
Fresh_Field,"166","157","143"
Fresh_Field,"210","203","186"
Fresh_Field,"180","176","158"
Fresh_Field,"135","127","118"
Fresh_Field,"162","154","144"
Fresh_Field,"127","119","101"
Fresh_Field,"165","156","142"
Fresh_Field,"153","146","133"
Fresh_Field,"192","188","172"
Fresh_Field,"168","163","152"
Fresh_Field,"149","145","141"
Fresh_Field,"140","132","123"
Fresh_Field,"175","171","157"
Fresh_Field,"132","128","112"
Fresh_Field,"160","153","138"
Fresh_Field,"133","113","99"
Fresh_Field,"159","146","131"
Fresh_Field,"132","122","113"
Fresh_Field,"176","163","148"
Fresh_Field,"103","95","86"
Fresh_Field,"141","131","122"
Fresh_Field,"149","132","118"
Fresh_Field,"143","122","110"
Fresh_Field,"166","143","126"
Fresh_Field,"120","103","89"
Fresh_Field,"168","148","132"
Fresh_Field,"134","123","114"
Fresh_Field,"120","114","109"
Fresh_Field,"133","123","114"
Fresh_Field,"146","132","124"
Fresh_Field,"142","137","129"
Fresh_Field,"130","115","103"
Fresh_Field,"165","150","136"
Fresh_Field,"143","128","116"
Fresh_Field,"100","81","70"
Fresh_Field,"152","142","126"
Fresh_Field,"142","132","120"
Fresh_Field,"147","142","134"
Fresh_Field,"144","142","139"
Fresh_Field,"130","116","108"
Fresh_Field,"155","140","128"
Fresh_Field,"124","109","99"
Fresh_Field,"147","134","121"
Fresh_Field,"129","122","109"
Fresh_Field,"184","176","158"
Fresh_Field,"150","140","126"
Fresh_Field,"169","159","145"
Fresh_Field,"163","153","139"
Fresh_Field,"158","145","130"
Fresh_Field,"150","134","118"
Fresh_Field,"133","116","94"
Fresh_Field,"178","161","147"
Fresh_Field,"125","109","93"
Fresh_Field,"172","149","129"
Fresh_Field,"163","145","130"
Fresh_Field,"142","123","110"
Fresh_Field,"141","128","115"
Fresh_Field,"145","130","116"
Fresh_Field,"140","125","113"
Fresh_Field,"172","160","141"
Fresh_Field,"161","142","129"
Fresh_Field,"148","131","117"
Fresh_Field,"156","133","118"
Fresh_Field,"169","146","124"
Fresh_Field,"157","137","119"
Fresh_Field,"133","113","99"
Fresh_Field,"159","141","126"
Fresh_Field,"164","146","129"
Fresh_Field,"167","151","133"
Fresh_Field,"129","116","101"
Fresh_Field,"163","148","134"
Fresh_Field,"181","172","154"
Fresh_Field,"138","128","112"
Fresh_Field,"151","136","122"
Fresh_Field,"156","144","127"
Fresh_Field,"170","172","156"
Fresh_Field,"139","134","124"
Fresh_Field,"137","128","116"
Fresh_Field,"160","150","141"
Fresh_Field,"113","97","90"
Fresh_Field,"129","113","106"
Fresh_Field,"105","88","78"
Fresh_Field,"126","111","101"
Fresh_Field,"144","127","115"
Fresh_Field,"185","167","152"
Fresh_Field,"154","136","121"
Fresh_Field,"173","169","155"
Fresh_Field,"146","143","132"
Fresh_Field,"182","184","168"
Fresh_Field,"150","150","135"
Fresh_Field,"156","156","141"
Fresh_Field,"162","161","150"
Fresh_Field,"161","156","146"
Fresh_Field,"169","152","138"
Fresh_Field,"162","147","133"
Fresh_Field,"123","109","101"
Fresh_Field,"127","116","108"
Fresh_Field,"94","84","76"
Fresh_Field,"111","100","92"
Fresh_Field,"140","127","116"
Fresh_Field,"115","102","91"
Fresh_Field,"138","125","110"
Fresh_Field,"124","111","98"
Fresh_Field,"150","137","122"
Fresh_Field,"157","144","131"
Fresh_Field,"157","148","136"
Fresh_Field,"175","172","161"
Fresh_Field,"168","165","154"
Fresh_Field,"156","155","143"
Fresh_Field,"166","167","154"
Fresh_Field,"155","146","132"
Fresh_Field,"108","84","73"
Fresh_Field,"136","112","101"
Fresh_Field,"148","128","112"
Fresh_Field,"114","93","81"
Fresh_Field,"139","119","105"
Fresh_Field,"148","130","115"
Fresh_Field,"135","116","103"
Fresh_Field,"113","95","80"
Fresh_Field,"149","134","120"
Fresh_Field,"164","148","132"
Fresh_Field,"168","152","132"
Fresh_Field,"127","110","96"
Fresh_Field,"141","121","105"
Fresh_Field,"162","147","124"
Fresh_Field,"146","119","103"
Fresh_Field,"183","160","140"
Fresh_Field,"167","148","127"
Fresh_Field,"131","105","86"
Fresh_Field,"165","146","123"
Fresh_Field,"179","162","140"
Fresh_Field,"145","123","103"
Fresh_Field,"158","144","128"
Fresh_Field,"161","152","134"
Fresh_Field,"188","182","163"
Fresh_Field,"171","165","146"
Fresh_Field,"153","137","119"
Fresh_Field,"145","127","110"
Fresh_Field,"163","145","126"
Fresh_Field,"156","138","119"
Fresh_Field,"159","143","123"
Fresh_Field,"177","161","141"
Fresh_Field,"128","111","97"
Fresh_Field,"183","166","152"
Fresh_Field,"199","180","159"
Fresh_Field,"152","129","112"
Fresh_Field,"143","120","103"
Fresh_Field,"200","182","163"
Fresh_Field,"144","126","107"
Fresh_Field,"158","152","133"
Fresh_Field,"176","163","148"
Fresh_Field,"139","130","110"
Fresh_Field,"180","172","154"
Fresh_Field,"162","153","137"
Fresh_Field,"173","166","149"
Fresh_Field,"142","126","106"
Fresh_Field,"101","85","69"
Fresh_Field,"160","142","127"
Fresh_Field,"157","137","121"
Fresh_Field,"166","146","130"
Fresh_Field,"149","132","118"
Fresh_Field,"163","150","137"
Fresh_Field,"142","132","120"
Fresh_Field,"182","167","153"
Fresh_Field,"123","108","94"
Fresh_Field,"148","133","119"
Fresh_Field,"129","114","100"
Fresh_Field,"122","105","91"
Fresh_Field,"195","175","159"
Fresh_Field,"146","123","108"
Fresh_Field,"141","121","105"
Fresh_Field,"165","147","130"
Fresh_Field,"137","117","101"
Fresh_Field,"123","103","89"
Fresh_Field,"116","96","82"
Fresh_Field,"140","120","106"
Fresh_Field,"159","133","114"
Fresh_Field,"170","147","127"
Fresh_Field,"148","125","105"
Fresh_Field,"150","124","105"
Fresh_Field,"142","116","97"
Fresh_Field,"140","113","97"
Fresh_Field,"136","112","95"
Fresh_Field,"144","120","103"
Fresh_Field,"133","113","99"
Fresh_Field,"141","123","108"
Fresh_Field,"142","125","113"
Fresh_Field,"122","103","90"
Fresh_Field,"160","143","129"
Fresh_Field,"156","143","130"
Fresh_Field,"139","130","118"
Fresh_Field,"142","133","121"
Fresh_Field,"156","147","135"
Fresh_Field,"172","157","143"
Fresh_Field,"160","142","125"
Fresh_Field,"130","114","96"
Fresh_Field,"148","134","116"
Fresh_Field,"157","147","131"
Fresh_Field,"160","150","134"
Fresh_Field,"136","126","112"
Fresh_Field,"133","110","95"
Fresh_Field,"142","115","101"
Fresh_Field,"142","115","101"
Fresh_Field,"130","103","91"
Fresh_Field,"108","84","69"
Fresh_Field,"134","111","96"
Fresh_Field,"139","116","103"
Fresh_Field,"142","122","106"
Fresh_Field,"143","127","111"
Fresh_Field,"155","137","120"
Fresh_Field,"159","143","127"
Fresh_Field,"154","138","122"
Fresh_Field,"158","143","129"
Fresh_Field,"150","146","132"
Fresh_Field,"165","152","141"
Fresh_Field,"131","116","102"
Fresh_Field,"161","147","131"
Fresh_Field,"175","164","156"
Fresh_Field,"147","130","116"
Fresh_Field,"150","136","118"
Fresh_Field,"188","176","159"
Fresh_Field,"156","143","128"
Fresh_Field,"182","163","142"
Fresh_Field,"174","161","146"
Fresh_Field,"166","162","144"
Fresh_Field,"190","181","161"
Fresh_Field,"185","166","143"
Fresh_Field,"185","169","149"
Fresh_Field,"180","163","141"
Fresh_Field,"166","152","136"
Fresh_Field,"159","143","125"
Fresh_Field,"217","205","184"
Fresh_Field,"175","166","150"
Fresh_Field,"191","176","153"
Fresh_Field,"182","167","144"
Fresh_Field,"179","157","134"
Fresh_Field,"181","158","138"
Fresh_Field,"173","154","141"
Fresh_Field,"194","181","156"
Fresh_Field,"171","148","131"
Fresh_Field,"185","166","143"
Fresh_Field,"171","144","128"
Fresh_Field,"180","158","138"
Fresh_Field,"188","173","150"
Fresh_Field,"191","182","166"
Fresh_Field,"183","167","147"
Fresh_Field,"183","167","147"
Fresh_Field,"182","171","145"
Fresh_Field,"180","152","131"
Fresh_Field,"185","162","140"
Fresh_Field,"205","183","161"
Fresh_Field,"203","190","164"
Fresh_Field,"193","180","157"
Fresh_Field,"176","156","140"
Fresh_Field,"187","174","151"
Fresh_Field,"188","175","152"
Fresh_Field,"156","130","111"
Fresh_Field,"180","157","134"
Fresh_Field,"115","115","110"
Fresh_Field,"108","108","101"
Fresh_Field,"105","101","97"
Fresh_Field,"133","124","123"
Fresh_Field,"110","98","97"
Fresh_Field,"112","110","106"
Fresh_Field,"146","142","136"
Fresh_Field,"109","103","98"
Fresh_Field,"118","112","107"
Fresh_Field,"140","131","127"
Fresh_Field,"130","126","120"
Fresh_Field,"125","119","114"
Fresh_Field,"139","130","126"
Fresh_Field,"146","138","129"
Fresh_Field,"124","114","108"
Fresh_Field,"135","131","127"
Fresh_Field,"150","142","135"
Fresh_Field,"88","80","71"
Fresh_Field,"115","107","98"
Fresh_Field,"146","138","129"
Fresh_Field,"135","132","123"
Fresh_Field,"187","179","172"
Fresh_Field,"119","109","100"
Fresh_Field,"137","127","118"
Fresh_Field,"135","127","118"
Fresh_Field,"133","123","115"
Fresh_Field,"150","142","132"
Fresh_Field,"146","139","124"
Fresh_Field,"97","88","86"
Fresh_Field,"115","107","100"
Fresh_Field,"145","135","127"
Fresh_Field,"123","115","106"
Fresh_Field,"118","104","97"
Fresh_Field,"138","127","118"
Fresh_Field,"128","118","109"
Fresh_Field,"140","129","120"
Fresh_Field,"65","54","45"
Fresh_Field,"141","125","118"
Fresh_Field,"101","87","79"
Fresh_Field,"180","166","148"
Fresh_Field,"198","189","171"
Fresh_Field,"165","152","137"
Fresh_Field,"189","181","163"
Fresh_Field,"183","176","159"
Fresh_Field,"194","187","170"
Fresh_Field,"152","143","129"
Fresh_Field,"185","176","162"
Fresh_Field,"180","171","157"
Fresh_Field,"182","175","160"
Fresh_Field,"129","120","106"
Fresh_Field,"166","156","142"
Fresh_Field,"183","181","166"
Fresh_Field,"172","170","155"
Fresh_Field,"203","202","191"
Fresh_Field,"144","143","131"
Fresh_Field,"162","158","142"
Fresh_Field,"192","190","173"
Fresh_Field,"190","188","171"
Fresh_Field,"174","174","159"
Fresh_Field,"201","199","182"
Fresh_Field,"187","180","165"
Fresh_Field,"186","182","168"
Fresh_Field,"168","163","152"
Fresh_Field,"170","167","155"
Fresh_Field,"182","179","167"
Fresh_Field,"175","174","163"
Fresh_Field,"183","182","171"
Fresh_Field,"170","170","155"
Fresh_Field,"184","175","157"
Fresh_Field,"174","161","146"
Fresh_Field,"152","139","124"
Fresh_Field,"165","152","139"
Fresh_Field,"160","147","134"
Fresh_Field,"155","142","129"
Fresh_Field,"173","160","149"
Fresh_Field,"169","159","143"
Fresh_Field,"120","105","91"
Fresh_Field,"199","189","175"
Fresh_Field,"134","125","111"
Fresh_Field,"184","174","160"
Fresh_Field,"197","187","173"
Fresh_Field,"201","186","172"
Fresh_Field,"164","147","133"
Fresh_Field,"176","163","150"
Fresh_Field,"166","159","146"
Fresh_Field,"181","174","161"
Fresh_Field,"155","142","131"
Fresh_Field,"172","157","145"
Fresh_Field,"179","172","157"
Fresh_Field,"182","173","159"
Fresh_Field,"182","173","159"
Fresh_Field,"178","168","152"
Fresh_Field,"182","175","160"
Fresh_Field,"168","159","145"
Fresh_Field,"189","182","167"
Fresh_Field,"190","180","166"
Fresh_Field,"161","151","137"
Fresh_Field,"160","152","142"
Fresh_Field,"153","138","124"
Fresh_Field,"167","154","141"
Fresh_Field,"131","112","101"
Fresh_Field,"166","143","128"
Fresh_Field,"162","142","126"
Fresh_Field,"164","144","128"
Fresh_Field,"162","139","124"
Fresh_Field,"172","148","131"
Fresh_Field,"169","152","140"
Fresh_Field,"164","149","137"
Fresh_Field,"178","161","147"
Fresh_Field,"195","176","155"
Fresh_Field,"160","136","121"
Fresh_Field,"190","167","150"
Fresh_Field,"183","163","147"
Fresh_Field,"202","183","162"
Fresh_Field,"156","133","118"
Fresh_Field,"173","153","135"
Fresh_Field,"175","163","146"
Fresh_Field,"155","142","129"
Fresh_Field,"164","151","136"
Fresh_Field,"176","162","146"
Fresh_Field,"145","122","109"
Fresh_Field,"182","159","144"
Fresh_Field,"174","154","138"
Fresh_Field,"143","130","115"
Fresh_Field,"178","165","150"
Fresh_Field,"165","148","134"
Fresh_Field,"157","140","128"
Fresh_Field,"182","164","149"
Fresh_Field,"178","160","143"
Fresh_Field,"127","109","94"
Fresh_Field,"179","167","150"
Fresh_Field,"173","156","142"
Fresh_Field,"178","161","147"
Fresh_Field,"177","159","144"
Fresh_Field,"190","172","155"
Fresh_Field,"174","156","139"
Fresh_Field,"179","161","146"
Fresh_Field,"191","177","159"
Fresh_Field,"181","162","149"
Fresh_Field,"193","175","158"
Fresh_Field,"189","171","152"
Fresh_Field,"184","166","147"
Fresh_Field,"155","139","119"
Fresh_Field,"158","143","129"
Fresh_Field,"177","163","145"
Fresh_Field,"201","185","165"
Fresh_Field,"176","160","140"
Fresh_Field,"184","174","158"
Fresh_Field,"221","209","192"
Fresh_Field,"211","203","183"
Fresh_Field,"181","169","150"
Fresh_Field,"185","176","158"
Fresh_Field,"191","183","165"
Fresh_Field,"131","114","102"
Fresh_Field,"159","135","122"
Fresh_Field,"161","134","120"
Fresh_Field,"189","165","152"
Fresh_Field,"174","157","145"
Fresh_Field,"125","105","91"
Fresh_Field,"160","136","123"
Fresh_Field,"155","128","114"
Fresh_Field,"157","130","118"
Fresh_Field,"165","141","128"
Fresh_Field,"189","174","160"
Fresh_Field,"174","164","152"
Fresh_Field,"196","187","169"
Fresh_Field,"176","163","148"
Fresh_Field,"174","156","141"
Fresh_Field,"158","131","117"
Fresh_Field,"133","106","94"
Fresh_Field,"148","124","111"
Fresh_Field,"184","165","154"
Fresh_Field,"178","165","152"
Fresh_Field,"189","182","169"
Fresh_Field,"184","175","163"
Fresh_Field,"217","208","190"
Fresh_Field,"188","179","163"
Fresh_Field,"185","176","160"
Fresh_Field,"176","163","150"
Fresh_Field,"138","122","106"
Fresh_Field,"201","183","168"
Fresh_Field,"141","123","108"
Fresh_Field,"188","169","158"
Fresh_Field,"219","217","202"
Fresh_Field,"183","176","161"
Fresh_Field,"182","175","162"
Fresh_Field,"186","177","161"
Fresh_Field,"183","170","155"
Fresh_Field,"176","166","150"
Fresh_Field,"188","178","162"
Fresh_Field,"154","140","124"
Fresh_Field,"185","169","151"
Fresh_Field,"170","154","138"
Fresh_Field,"128","115","104"
Fresh_Field,"187","184","172"
Fresh_Field,"172","172","157"
Fresh_Field,"189","182","169"
Fresh_Field,"181","168","155"
Fresh_Field,"182","172","158"
Fresh_Field,"164","151","138"
Fresh_Field,"174","159","147"
Fresh_Field,"156","141","131"
Fresh_Field,"208","195","184"
Fresh_Field,"177","167","153"
Fresh_Field,"193","180","169"
Fresh_Field,"188","173","163"
Fresh_Field,"178","162","155"
Fresh_Field,"181","172","160"
Fresh_Field,"206","199","186"
Fresh_Field,"195","188","175"
Fresh_Field,"198","188","179"
Fresh_Field,"185","175","166"
Fresh_Field,"196","189","176"
Fresh_Field,"207","200","185"
Fresh_Field,"205","201","187"
Fresh_Field,"199","192","179"
Fresh_Field,"189","181","171"
Fresh_Field,"184","177","164"
Fresh_Field,"198","191","176"
Fresh_Field,"202","198","182"
Fresh_Field,"194","187","174"
Fresh_Field,"197","193","179"
Fresh_Field,"193","184","168"
Fresh_Field,"205","198","181"
Fresh_Field,"205","198","183"
Fresh_Field,"191","182","170"
Fresh_Field,"182","175","162"
Fresh_Field,"201","193","175"
Fresh_Field,"208","201","184"
Fresh_Field,"207","200","185"
Fresh_Field,"210","203","190"
Fresh_Field,"172","163","151"
Fresh_Field,"202","194","176"
Fresh_Field,"197","187","171"
Fresh_Field,"198","189","173"
Fresh_Field,"201","191","177"
Fresh_Field,"166","153","142"
Fresh_Field,"194","190","172"
Fresh_Field,"120","107","92"
Fresh_Field,"173","160","147"
Fresh_Field,"143","128","116"
Fresh_Field,"154","136","129"
Fresh_Field,"191","188","168"
Fresh_Field,"197","191","170"
Fresh_Field,"212","204","179"
Fresh_Field,"199","188","164"
Fresh_Field,"196","186","170"
Fresh_Field,"189","180","164"
Fresh_Field,"162","155","138"
Fresh_Field,"159","152","139"
Fresh_Field,"200","191","177"
Fresh_Field,"101","90","81"
Fresh_Field,"150","134","127"
Fresh_Field,"147","130","120"
Fresh_Field,"134","117","107"
Fresh_Field,"122","109","98"
Fresh_Field,"132","116","109"
Fresh_Field,"101","86","74"
Fresh_Field,"199","192","175"
Fresh_Field,"193","181","162"
Fresh_Field,"186","172","154"
Fresh_Field,"139","122","108"
Fresh_Field,"175","158","144"
Fresh_Field,"142","129","114"
Fresh_Field,"163","150","135"
Fresh_Field,"132","119","104"
Fresh_Field,"201","186","174"
Fresh_Field,"145","130","118"
Fresh_Field,"152","136","129"
Fresh_Field,"134","117","105"
Fresh_Field,"222","207","195"
Fresh_Field,"180","166","148"
Fresh_Field,"210","201","187"
Fresh_Field,"179","170","158"
Fresh_Field,"173","166","153"
Fresh_Field,"179","171","161"
Fresh_Field,"161","152","140"
Fresh_Field,"126","116","102"
Fresh_Field,"108","95","82"
Fresh_Field,"146","133","120"
Fresh_Field,"160","147","136"
Fresh_Field,"151","141","129"
Fresh_Field,"184","171","158"
Fresh_Field,"202","187","173"
Fresh_Field,"241","227","211"
Fresh_Field,"200","184","166"
Fresh_Field,"177","160","138"
Fresh_Field,"208","196","177"
Fresh_Field,"175","166","152"
Fresh_Field,"156","149","136"
Fresh_Field,"180","172","162"
Fresh_Field,"131","124","111"
Fresh_Field,"166","157","145"
Fresh_Field,"173","163","151"
Fresh_Field,"160","147","136"
Fresh_Field,"119","106","95"
Fresh_Field,"175","160","146"
Fresh_Field,"144","135","131"
Fresh_Field,"152","142","134"
Fresh_Field,"159","149","141"
Fresh_Field,"175","165","153"
Fresh_Field,"136","123","110"
Fresh_Field,"174","159","145"
Fresh_Field,"204","192","175"
Fresh_Field,"216","200","180"
Fresh_Field,"198","188","172"
Fresh_Field,"151","142","128"
Fresh_Field,"151","144","131"
Fresh_Field,"195","187","177"
Fresh_Field,"132","127","117"
Fresh_Field,"187","182","172"
Fresh_Field,"157","149","139"
Fresh_Field,"170","160","151"
Fresh_Field,"159","144","132"
Fresh_Field,"161","151","137"
Fresh_Field,"155","144","135"
Fresh_Field,"172","164","155"
Fresh_Field,"151","143","134"
Fresh_Field,"187","179","169"
Fresh_Field,"184","174","165"
Fresh_Field,"134","119","109"
Fresh_Field,"133","114","103"
Fresh_Field,"106","89","75"
Fresh_Field,"122","113","101"
Fresh_Field,"142","137","126"
Fresh_Field,"167","159","149"
Fresh_Field,"187","179","169"
Fresh_Field,"94","77","67"
Fresh_Field,"153","134","121"
Fresh_Field,"195","187","162"
Fresh_Field,"176","167","147"
Fresh_Field,"179","177","162"
Fresh_Field,"136","133","121"
Fresh_Field,"174","169","158"
Fresh_Field,"159","154","144"
Fresh_Field,"106","91","79"
Fresh_Field,"165","146","133"
Fresh_Field,"203","190","179"
Fresh_Field,"157","142","132"
Fresh_Field,"133","119","111"
Fresh_Field,"151","147","133"
Fresh_Field,"180","175","164"
Fresh_Field,"166","162","148"
Fresh_Field,"186","169","157"
Fresh_Field,"147","126","114"
Fresh_Field,"156","139","127"
Fresh_Field,"183","167","151"
Fresh_Field,"155","154","143"
Fresh_Field,"153","148","140"
Fresh_Field,"134","125","123"
Fresh_Field,"132","123","121"
Fresh_Field,"169","166","157"
Fresh_Field,"146","137","133"
Fresh_Field,"152","140","139"
Fresh_Field,"108","97","96"
Fresh_Field,"152","148","145"
Fresh_Field,"161","159","155"
Fresh_Field,"152","148","142"
Fresh_Field,"114","103","97"
Fresh_Field,"119","109","103"
Fresh_Field,"114","109","101"
Fresh_Field,"105","97","90"
Fresh_Field,"143","132","129"
Fresh_Field,"135","124","116"
Fresh_Field,"132","127","119"
Fresh_Field,"156","147","143"
Fresh_Field,"140","129","126"
Fresh_Field,"146","132","127"
Fresh_Field,"157","147","138"
Fresh_Field,"133","125","118"
Fresh_Field,"98","89","85"
Fresh_Field,"126","117","113"
Fresh_Field,"144","136","129"
Fresh_Field,"158","150","143"
Fresh_Field,"127","117","109"
Fresh_Field,"150","140","132"
Fresh_Field,"123","114","110"
Fresh_Field,"175","166","162"
Fresh_Field,"151","146","136"
Fresh_Field,"154","143","134"
Fresh_Field,"160","150","142"
Fresh_Field,"159","149","143"
Fresh_Field,"142","132","124"
Fresh_Field,"161","151","142"
Fresh_Field,"151","141","132"
Fresh_Field,"149","139","131"
Fresh_Field,"146","136","127"
Fresh_Field,"133","125","116"
Fresh_Field,"152","147","137"
Fresh_Field,"147","139","130"
